clip_id,score,failure_reason,collision_at_fault,offroad,progress_clipped_rel,gt_dist_traveled_m,lateral_dist_to_gt_trajectory,min_distance_to_obstacle_m,turn_deg,turn_band,vmed,near_mean,mindist,brightness
00040136-e651-4abd-991d-0655ccda9430,1.0,pass,0.0,0.0,0.8871696072968474,312.13116466138007,3.25430958309705,3.068241374169134,20.358778497341394,20-45,14.857660130993896,1.975,5.497234037041971,75.6
000525f6-3999-4812-9924-8adff40ca514,1.0,pass,0.0,0.0,0.9953576635535973,221.35860621233655,0.8418913910478324,5.5595929998172995,26.660921190415785,20-45,12.526102104801156,1.975,7.635193269752437,53.4
000548db-e266-49e5-a832-6674ab53a615,0.294701,pass,0.0,0.0,0.2357608556275369,207.57918343234297,0.28500237578277704,0.0,30.00357131544585,20-45,11.16396141405412,4.15,3.641409052318628,94.9
00064c58-7047-4a53-8a36-b033baaaa5fb,1.0,pass,0.0,0.0,0.8834488130301392,257.2811109756468,0.6911277822359774,4.894203359663573,2.6123394745014146,<20,16.109392887579922,3.05,7.89404324019143,40.9
0009402a-a514-443b-9a4c-0e792f5ae581,1.0,pass,0.0,0.0,0.9361456985202021,667.3482705606125,0.9489769947001454,9.594079572834119,5.554105385487265,<20,33.59836338789536,0.85,4.027838360670967,76.4
00097de1-5ded-4fba-a5ed-4b527678d1b0,1.0,pass,0.0,0.0,0.954373343619423,22.530522692306626,0.11091041907018866,1.2647042750551458,0.6630618065819077,<20,1.3072096126000199,11.475,5.253376971699524,98.5
000a3a34-1031-4f90-9bc3-5b5c132fd1ed,0.638972,pass,0.0,0.0,0.511177478027865,139.48019526671112,0.19484396922498984,0.0,0.4612728292464623,<20,6.75758258035969,15.825,5.4823330478068995,87.7
000a74ae-5c01-486e-ab6f-7f5160136357,0.661683,pass,0.0,0.0,0.5293464181877393,224.57601479794698,0.47280986850688744,0.0,38.99056177838868,20-45,13.326046904945846,2.225,3.5276487539872057,89.1
000e95f7-560d-4411-8069-b9f531ed3cd6,0.0,collision_at_fault,1.0,0.0,0.24253060732374185,270.94406080077425,2.0015361501611295,0.0,4.766591103340298,<20,13.976416046396967,8.85,3.349945866396419,100.0
000ff49d-aa30-46ee-af57-b4a0c1143f55,1.0,pass,0.0,0.0,0.9794335601399704,380.90203668193334,0.8878540825184731,65.34206651980993,8.32206486896237,<20,17.932613371737286,0.0,67.54251207911047,91.8
0010ce77-d06e-43e6-bdaf-2cf8ab65cfe4,1.0,pass,0.0,0.0,1.0015793445216714,99.53973986145566,1.1058277041331819,0.9414973033425769,0.4285757957277547,<20,5.543851628321541,4.25,3.7067768192515222,81.4
001564ce-0019-4ec6-bb62-07ed2bd90f2e,1.0,pass,0.0,0.0,1.001650453971573,82.5430463259048,0.7208854463870086,0.444944489716347,17.02389709903269,<20,4.388596538651299,6.55,3.0773333137696506,95.4
00169207-9da7-44c4-a67b-a925e77056ff,0.629206,pass,0.0,0.0,0.5033651282782194,112.9219057610079,1.620129214686883,0.7011429730479508,103.82958367619669,90+,6.859593488276344,5.575,3.6784518549667453,74.6
0026708c-a386-4dd2-82b1-286da952c68f,1.0,pass,0.0,0.0,1.0031216014805897,385.48119778101676,1.6997535994957491,2.621951227217087,3.5926921501024327,<20,18.609410175710668,3.975,5.172224718613507,84.4
0026c1ce-efb6-4d41-b206-032598f31f7f,0.0,collision_at_fault,1.0,0.0,0.035579854473444465,57.071054800581614,0.007814858182827787,0.0,0.7718771742396306,<20,2.507381683528817,17.7,3.418104716843332,84.5
0026d903-764d-4bd0-96f5-7a6a3a6838e4,1.0,pass,0.0,0.0,0.9629497576336465,11.897767019343616,0.2896298532667866,1.0735147264691647,3.761282067177359,<20,0.013803445761597023,6.925,2.9701958711648584,92.2
002ae4d8-ef9d-49ff-a7ba-0778fadbd98b,1.0,pass,0.0,0.0,0.8625153415351917,104.50109407848814,0.2768528109584382,1.5554241519244643,18.973427500094868,<20,5.591473335223513,13.275,3.5643247798580626,99.9
002f04fd-984f-4f0b-943e-aba82864930e,0.0,collision_at_fault,1.0,0.0,0.5613566226710013,216.5362138103111,0.4190890177872478,0.0,1.8984396908310264,<20,8.32307919568457,8.225,4.503717359009286,85.5
002f9a80-2b50-4d83-b5d6-326b4b7fe361,0.651341,pass,0.0,0.0,0.5210731066550685,220.06275844601748,0.3881254610354601,1.121345347030868,5.034754201449986,<20,13.150003956645161,9.4,2.9012516370624,80.6
00442956-c080-4b2e-b9c7-647973969c86,0.0,offroad,0.0,1.0,0.00012690772692427687,66.75989849475276,0.0012891460594224443,1.7784490091331941,36.040758075892235,20-45,2.0190679807433773,12.075,3.7023974146749756,32.0
004d4a47-2b27-4174-a1b8-0363d81ffc1d,0.464635,pass,0.0,0.0,0.3717079926280183,106.06608128803377,0.9097029101931841,0.0,15.6332271359918,<20,5.6819774830329814,11.725,2.851638440470627,90.6
0051f106-98bf-4001-825b-dff634ec8f18,0.428881,pass,0.0,0.0,0.34310491931095616,534.1310510603026,4.0071378525109465,8.021098285820463,4.161909905970313,<20,27.995533454450968,3.05,4.2413917999314785,93.7
0052e196-30ca-4e6a-a472-df9434407b03,0.0,offroad,0.0,1.0,0.3770663445554137,174.77562954578033,1.4387924333276827,2.4658877395184415,41.30297678719332,20-45,6.872279269658061,4.3,5.629232059123201,88.0
005ea4dd-7c94-4ca4-a825-20af0db5c58e,0.416808,pass,0.0,0.0,0.33344672062654884,127.52615558433627,0.03562963406168035,1.649216965675392,4.269213133656372,<20,7.539253853366801,5.55,3.8016553032627156,73.4
0068170a-7428-419a-a90d-45db4f980df7,1.0,pass,0.0,0.0,0.801989100225572,45.097511667747035,1.7136710146477903,0.0,11.332661998079631,<20,1.8489856853274138,12.225,2.847141265017908,91.9
007a5809-8a56-40b5-8af5-7e0f65229496,0.62671,pass,0.0,0.0,0.5013677126529442,244.25108722043942,3.7799967419097475,22.742568369623548,58.907945993109784,45-60,12.122423054488106,0.55,14.122619018194138,82.1
007fc5b6-87df-4b6b-9d0b-60d1498f3620,0.483188,pass,0.0,0.0,0.3865506056506241,279.1918300354329,1.0279939764476176,0.0,92.6833146052716,90+,14.258619452704677,1.0,13.43391306606936,21.9
008513a2-ab70-4e21-852a-6cfe574d3d63,0.0,offroad,0.0,1.0,0.45969268926461676,204.48390348323454,1.2600843393662986,16.715607456332513,47.51741505024219,45-60,10.320786854893424,1.2,18.538138755135872,38.7
009c69f0-6e5d-4716-b623-fb45f378fae4,1.0,pass,0.0,0.0,0.9380317474275565,149.6515839960624,0.9081772564528418,1.69854827359522,1.6210172036874233,<20,7.721459932033401,4.15,3.77032666087102,92.5
009d2517-4036-4977-bb4f-e851d69665f9,0.971352,pass,0.0,0.0,0.7770812915814667,112.00462086705082,0.16807843745500484,0.0,4.024525360527421,<20,6.245386211059238,8.7,4.921376092559241,94.7
00eb506e-de3a-407c-8a76-c763de8dc0d8,1.0,pass,0.0,0.0,0.9589990799938203,119.35610298521962,0.47847276536057526,1.0847218177056364,4.4480312306922,<20,5.848963803499304,14.525,3.4198262696885497,90.6
00ecbc19-5168-48c4-8b6a-9d64005e640e,0.14902,pass,0.0,0.0,0.11921570407619357,134.99627237229922,4.475361208810044,1.0949460410492107,82.7485803339915,60-90,7.927868532841136,10.75,3.055007524732347,70.6
00fabf60-8aa0-48b3-b7c8-eb3d7e8df1e3,0.76953,pass,0.0,0.0,0.6156241058235381,152.45249850958405,2.0326044973079065,0.0,55.94720356851093,45-60,7.710363405859524,2.45,10.182272943771409,28.7
01132ab5-90d1-4fb4-b823-ce013ec527ec,1.0,pass,0.0,0.0,0.8762429472540364,327.9545770470553,2.671817421877274,3.8710644804210323,6.781317592081159,<20,17.85640390146013,0.825,10.736825985710471,63.8
0129d244-ffb8-4e10-81e3-ab79f2d28c36,1.0,pass,0.0,0.0,1.0053702061192218,156.24520295253848,1.4604723458516906,1.5071941106540563,1.325531408584573,<20,7.610625246684004,2.9,4.383495105910745,72.4
01330416-9f29-4799-86a6-c4b2f8593375,1.0,pass,0.0,0.0,0.8075229286555999,125.43540284799285,4.006266707721316,1.2141204708203717,7.451203728193859,<20,6.62272988829184,13.4,3.4657523806892385,118.7
018ab4b0-f802-47a0-9d60-a56df187be17,1.0,pass,0.0,0.0,1.003564284724688,201.90821084456755,2.4132225752495735,23.558367674562234,37.66125724015368,20-45,10.483358781974605,0.025,27.98412748774342,72.8
01cbe890-4ac2-4943-a2ed-2bda77fd2f56,1.0,pass,0.0,0.0,1.0050565224453092,69.88592574946347,1.1773206337695599,0.35452073758642244,13.76639595165092,<20,3.3578396326883415,5.5,3.55705807554902,95.3
01d503d4-449b-46fc-8d78-9085e70d3554,1.0,pass,0.0,0.0,1.004625359338084,73.77381182124795,0.5154173718862669,1.4012914449246034,1.1620754804598987,<20,3.336759708730913,9.9,3.766674805582506,68.0
0208defb-0502-4293-ba29-9273b1a4ee7f,1.0,pass,0.0,0.0,1.0025642853504357,581.6734617291247,0.5942429506343375,2.5682474683591163,1.5484746652897439,<20,29.45945096252368,0.775,5.2339340128121234,31.9
02183dc6-33b5-4f43-b8a3-986af09da831,0.0,offroad,0.0,1.0,0.43847626904508524,363.30376278075323,0.1790764777476315,,33.82685137619399,20-45,17.001849446084783,0.0,79.42880505871275,23.1
0274ab02-1d1f-4d40-92dd-561407235199,0.243732,pass,0.0,0.0,0.19498540342056744,205.50306997817316,4.031863522967118,0.5507491175023763,52.851785536344885,45-60,9.267669108236488,4.025,7.497126155970666,52.4
027a5570-83b3-4ebe-b332-ba4f054636ce,0.938053,pass,0.0,0.0,0.7504421640594989,137.73567474494465,3.040787571804269,0.628783289153793,58.03302850586657,45-60,7.3763944955696905,23.225,3.6043601033560937,63.6
028508ba-ef59-48d3-a95b-94eb92e3b063,1.0,pass,0.0,0.0,1.0068088959349293,83.44044755331757,0.2160163289836492,1.411608816362498,1.024794638009458,<20,2.0020148053226547,9.5,3.5173402281869595,74.3
02ce6aee-45fb-4d4d-921c-4836f9a64be0,1.0,pass,0.0,0.0,0.8871630022800296,35.99185970100396,0.8858930178447016,0.18339349056291462,0.4497023412283352,<20,1.2120458897562596,14.45,3.5240714138164853,78.9
02e075b9-fd24-426b-971b-7cfcb2074cc9,1.0,pass,0.0,0.0,1.002663490645725,162.52970285881767,0.41325571274612133,1.9551941124750598,1.2359799175122728,<20,8.060182954954868,7.6,4.412316811018556,90.2
030ae768-e82c-42b2-a9f1-2269628b019b,1.0,pass,0.0,0.0,0.8538782999982527,60.15989937960783,1.279987212297922,0.5098934105103946,22.616195029070226,20-45,2.1235916189564876,14.1,3.5436263929437875,93.7
031f43ff-bc87-4cf3-99a1-6aef48e6628f,1.0,pass,0.0,0.0,1.0068723531545867,113.0101126958426,2.081136948218036,56.82177581870446,7.224418748091421,<20,5.312001919020132,0.85,3.7083449919115523,67.0
03376794-ae4a-4d16-a804-4efa954eec5f,1.0,pass,0.0,0.0,1.0059963819228406,102.85035345654421,0.5220831782529534,0.7537368479154359,3.733979049485817,<20,4.726760150997405,3.075,3.9479089054470764,50.6
03c9fe85-aeb6-4d6f-891e-b7b935532cae,0.0,collision_at_fault,1.0,0.0,0.11917288270958586,197.64449802888305,1.2007180006345373,0.0,19.63254214516551,<20,9.163780946060237,2.075,3.1172287203803046,60.6
03f14707-e02a-4a8e-a448-cf667458c127,1.0,pass,0.0,0.0,0.999857768530522,126.41455182398593,4.480055502114887,0.03429235235238093,3.67449224865656,<20,7.114156051166795,12.15,2.836594721409569,93.8
0418c913-fead-437c-a856-bc397fc606cb,1.0,pass,0.0,0.0,1.0076740383535567,97.99265390116949,1.551308654261469,4.030381071609592,10.07924352157374,<20,3.0138037360030405,1.75,4.680899930034871,78.4
04251a0a-bc85-4369-94ea-c92726b467fd,1.0,pass,0.0,0.0,0.9655207415078587,97.73241662737294,0.45423003034221454,0.9447349225451448,0.41901359580318603,<20,5.219738656153218,16.925,3.0878753007292024,76.6
048b974e-1546-488a-b8f9-d32bff77f5aa,1.0,pass,0.0,0.0,1.003928690595706,119.70146877878202,0.502551116209801,0.6203618285413147,1.5641172389775682,<20,6.8207921337227475,21.825,3.104686887168043,72.7
0494c646-c537-4c6b-98b9-96c7e91fd0a8,0.271601,pass,0.0,0.0,0.21728091312328449,93.31396186575552,4.113414453697142,1.072718348978376,68.59343223833928,60-90,4.798254753705406,7.25,3.105646206910001,72.6
0499fb41-122d-4180-83af-f954a9974d3b,1.0,pass,0.0,0.0,1.0029692033472262,276.17190012488777,0.2970131418714868,0.48715113351575473,3.3643368054560323,<20,14.048599827505727,1.825,3.3040693303394457,67.3
056fa8ab-8756-48b7-b482-64a65091d6af,0.859141,pass,0.0,0.0,0.6873130975564505,218.80341340057038,1.561475221642036,0.0,51.206026377863544,45-60,10.873387201339217,0.9,7.3819861225975965,39.6
05855d57-2dbf-4ca7-a04d-94feb64a6e11,1.0,pass,0.0,0.0,1.0021673732119565,523.9691895187942,0.8929597914692776,2.247076224339607,7.512945474388928,<20,26.024645056003987,4.2,3.9573099653894195,70.7
0593b1f2-244a-4615-bc55-69be0c80136f,1.0,pass,0.0,0.0,1.0003046774096205,132.10609586866482,0.92713968827521,26.054053486426486,1.1787765294889347,<20,6.677745561279264,0.15,21.356460247562943,83.5
05cc65a8-13f4-4e6c-b98d-0cd442536bfd,1.0,pass,0.0,0.0,0.9970868384830828,95.77643173556461,0.8781800283745873,2.559388239778079,2.0524596656316576,<20,4.761252809037193,4.55,6.071503323314841,46.9
05f35348-9de0-4f68-ac65-f31316dbb59e,1.0,pass,0.0,0.0,0.9857561219282887,598.2717113647416,1.7939121964843279,2.1006116679503384,2.949609930625551,<20,29.886242013057412,1.8,4.026707967434793,98.3
063cff52-c825-42a1-8bf9-a75aa5df1524,1.0,pass,0.0,0.0,0.9826439859426969,184.1464333354364,1.8859973608800964,3.645654829259705,0.6063183173495171,<20,10.273951343850825,3.5,7.216058784619971,76.8
066bb895-3f45-4b92-a67a-382e5fd52516,0.0,collision_at_fault,1.0,0.0,0.13553356701580965,106.16367410289187,3.2416507904709415,0.0,64.22130421527348,60-90,2.02845417909919,5.45,7.3977908266942825,79.7
06b3e399-a820-49ef-9e69-134cfdb7652a,1.0,pass,0.0,0.0,1.000336536812978,700.4457165592094,1.660123623608055,1.6993838257254064,4.360117106838448,<20,36.63885717869263,2.125,3.9389145136417514,83.4
07054c19-f27f-42cc-8413-35e05c924d06,0.0,collision_at_fault,1.0,0.0,0.24021522016110533,511.3774277429252,3.1075144708989035,0.0,4.064899088781051,<20,27.843472368898315,2.975,4.78920659766901,82.7
071d15c4-a179-4311-b724-f7de1d45ab65,1.0,pass,0.0,0.0,1.0057041074083364,86.38733772201981,1.4719518329785461,0.8175868870587506,6.4924834723541975,<20,5.402303015931002,10.225,3.8259360917730336,94.9
07354ff6-6b6b-4f50-ab3b-098e843eef09,0.593618,pass,0.0,0.0,0.47489447130658186,584.8680257635885,4.018419015322792,17.46720585697364,0.8474464686864908,<20,29.02218517700359,1.6,15.533312564508886,79.8
074e5ee3-d209-438e-8de4-40032539c331,1.0,pass,0.0,0.0,1.0028467506263448,302.5787965068443,0.8935144852043267,3.4841365335978765,35.98107497919181,20-45,16.982302589351992,2.4,10.331432059299969,53.2
0771fd01-94d4-43e9-bf48-781882888352,0.361133,pass,0.0,0.0,0.2889066739298859,175.50964060495258,0.18260295119312436,0.0,8.643791928299612,<20,8.935399865262834,3.625,3.0311463968782792,88.0
078474c5-5fce-4d1f-9b3c-75af7bfbbfb9,1.0,pass,0.0,0.0,1.0016885502523005,562.7807553319525,2.668317673580041,31.390668714290022,0.6706273969999264,<20,28.18985616223329,0.0,36.037645346889136,65.0
0786d456-c40d-4f71-ac75-46dd8d0886d2,0.585866,pass,0.0,0.0,0.46869274013325485,115.86344881729379,1.7714115144303846,12.56834635676695,3.6558940614873814,<20,6.462517875580458,0.375,16.103623790118494,92.0
07981e6a-22dd-4796-ad2f-1252037ecd28,1.0,pass,0.0,0.0,0.8036667721997325,107.28797889061595,0.5160103705981042,0.8757967717878186,75.45293281908556,60-90,4.876786125003995,12.05,3.30277380035094,88.8
079fc568-ffea-427e-ba53-8135ea3f453e,1.0,pass,0.0,0.0,0.9072029738187545,73.51019898506492,0.9302636117150236,8.454397620224015,1.7741544801451108,<20,2.301759899220706,3.225,9.383515356431634,82.3
07f6a059-5ac8-4ab5-8ad4-b23c13bb5046,0.918258,pass,0.0,0.0,0.7346067432259032,97.37270587843392,0.31431491557810654,0.0,1.4105290266107309,<20,6.226847242715406,9.025,3.7786970730820575,89.2
0810968d-325e-4478-8d07-cb874aadfc75,0.0,offroad,0.0,1.0,0.32759571007868726,79.15290729996572,1.584330021345625,3.4584710196511184,117.03189063866832,90+,4.627257078549262,5.175,7.199532781631296,86.8
085955e2-c98a-4a43-ae63-ff6e333ce9ef,0.45878,pass,0.0,0.0,0.36702374782791186,258.70043415279025,0.4688437352701234,0.0,12.680781842739492,<20,13.773959125924588,2.625,12.632573189924313,58.6
08691a6c-30da-440e-b320-d1576d2b72c8,0.65344,pass,0.0,0.0,0.5227519800624799,177.66271354998415,4.001486502980312,3.7557305040255646,42.34116892051944,20-45,9.795043676023358,4.825,3.5813375377300676,97.1
089f9b45-e587-499e-971f-ee3a1ab51e30,0.686579,pass,0.0,0.0,0.5492628989670006,221.6912771307687,3.475005349830913,2.1166540505688554,63.068673811784144,60-90,11.05308588884135,0.15,13.584036177989127,53.2
08b2f1e4-ffcf-4342-9447-5ad2df55dfe1,1.0,pass,0.0,0.0,1.0027253218037542,298.6900819559995,0.39569150744406645,0.9346571184479123,2.0994094475367064,<20,14.94847523636188,3.675,3.5786304425162245,60.9
08c22260-d040-4ced-a6b0-728ea69020fc,1.0,pass,0.0,0.0,1.0066728433572052,104.41228922791841,1.1694985311971786,1.1985197416285767,0.8440526042101089,<20,4.26022463266022,3.3,3.41482331397884,66.9
09426cca-e88a-4178-a82b-0bd5b2be0559,0.0,collision_at_fault,1.0,0.0,0.6861850838643387,160.67374039559942,0.7828672845161486,0.0,61.71792705038743,60-90,8.701382830525512,10.55,2.822662335133168,33.7
09528162-2142-4082-a31b-decf787c8ada,0.305327,pass,0.0,0.0,0.24426196587156837,141.60682274166186,4.2958806676241155,1.7491858358826533,81.99982397337007,60-90,7.686781967612693,12.975,3.7344863878426273,69.9
098e2482-6db2-473b-b08a-2a80be9320f3,1.0,pass,0.0,0.0,1.0023405032812405,47.19507884396993,1.774087686207375,3.6999733362566123,0.9667706671539521,<20,2.3505515367883905,6.525,5.100616347568242,81.5
09c52e7f-0ce8-4810-bec0-2e38311c55b8,1.0,pass,0.0,0.0,1.0008637171770873,252.5679902206164,1.9987312184899066,4.220440581857543,7.420364748395303,<20,14.47332127480522,2.05,4.076799940156745,73.2
09d16838-f053-4bbf-9b6c-3ff29670edd0,1.0,pass,0.0,0.0,0.9282500807445809,178.86040039381987,1.127807012164861,0.9320349768486464,36.33023491057504,20-45,10.138998415941352,14.6,4.3095240701944935,74.1
0a0b82c8-b0dc-4083-976e-674f0131b0c9,1.0,pass,0.0,0.0,0.9849571155337544,226.80749060795668,2.7074492928805056,1.4808060191682904,12.908302964138196,<20,11.377028076416165,2.65,4.214310537895023,95.3
0a228e44-2e22-40fa-a4da-9dcded392963,0.527138,pass,0.0,0.0,0.42171039502089275,113.87229159168467,0.0732540662511781,1.0933324851015986,52.476370700936876,45-60,5.75593392406029,4.975,3.080937615996507,81.9
0a6ba2f5-f080-4f52-92cb-d063771057e1,1.0,pass,0.0,0.0,0.889598140669691,195.320830526408,0.749735051366745,0.8146154168815596,1.2865939786836476,<20,9.464628806786466,2.575,3.4311550940002737,76.7
0ac2b5ac-da4f-4910-ba76-139649c74e14,1.0,pass,0.0,0.0,0.831788893452375,43.7995724021503,0.5249998076978021,6.637477680526533,2.524372381896318,<20,1.751091173865118,5.425,5.108271572886014,40.7
0b1b82de-eaab-4bee-932a-05c6a1bbaf66,1.0,pass,0.0,0.0,1.0032524498460804,53.384163612068434,0.5543305347165568,3.730140023910897,0.31386208370104207,<20,2.664904798214967,9.0,5.628283538345101,87.0
0b5186fe-c91e-4765-a780-bc92a24b5a30,1.0,pass,0.0,0.0,0.8334543656842982,587.0905885453182,4.019896020716442,5.364364768621863,5.198939193974891,<20,28.96180647844374,0.45,12.284608142511363,91.4
0b72d117-bf5c-4999-b625-09f4d8e51911,1.0,pass,0.0,0.0,0.9483142054451099,275.31874040028987,0.9529934021513847,0.53630521149553,0.5142170162491642,<20,16.35802776941244,13.2,3.265816553902276,80.5
0bd5202f-5f7c-4748-b78d-20d1f921b4db,1.0,pass,0.0,0.0,0.9697842769348769,57.3830960984212,0.10579762191236182,1.4043969830924854,1.2324951150939827,<20,3.0144439404326437,10.4,2.8039065305641295,79.2
0bd567e4-04e8-4e79-a691-b125382eabf0,1.0,pass,0.0,0.0,0.987954675043843,130.2424749037183,0.4764951422446145,1.1032716013044574,2.392494916315354,<20,6.495944209929348,14.775,3.1472362085941477,91.0
0c2ca78d-d3ca-46e6-bb28-4eaf1f8a4eab,0.0,offroad,0.0,1.0,0.37437220511247465,165.25786928265563,0.9329130130898392,3.817111368054468,29.2027053391463,20-45,8.698509063200456,8.0,3.628085921645844,41.3
0c60eb4c-3545-49a2-a270-a65f888964c2,1.0,pass,0.0,0.0,0.8922227472209235,704.1531778041352,1.852005485496957,1.2557530217653703,5.899006846265401,<20,35.29465192388293,4.25,3.7372125430997634,88.2
0c9a6929-6273-4b6f-b484-09fb46f65fb0,1.0,pass,0.0,0.0,1.000431527959839,118.41234375377681,0.6233127206421059,0.27418281386843685,6.9595031132046925,<20,5.697471074714738,25.45,2.73622461365017,92.7
0ca937b1-ac3f-45ec-8306-6583cb3da2aa,1.0,pass,0.0,0.0,0.9992750978196155,42.97761969570907,4.030566234417261,2.0615021276256495,6.843682496121853,<20,1.1776232066175494,7.375,9.118286223252328,37.3
0caa5e02-1be0-4154-9a34-6c5d1e632c06,0.369715,pass,0.0,0.0,0.29577223243319656,108.73138031507409,4.0274582265833905,1.8246443529464642,41.88187215531677,20-45,5.546656339136398,5.375,3.9952590503627494,78.8
0cb146c8-f877-4d11-ac73-ed7b68a9eae5,0.60899,pass,0.0,0.0,0.4871917343136898,184.72614061349176,0.9978790372863581,1.08836374465774,85.31138615803157,60-90,9.700468535098151,6.1,5.1421868461767595,76.6
0cc7fa67-c767-443b-97b7-29539591dbaa,1.0,pass,0.0,0.0,0.8437108798943181,208.638607854407,0.5433579355532033,0.0,1.3845363916352569,<20,10.214531936893174,2.1,8.226788395237756,50.6
0ce02937-f31b-4b4e-8286-3af73ae8861e,1.0,pass,0.0,0.0,0.9855450336125969,239.98179492143896,0.7296601303260366,1.5881838127418444,2.0488611144658533,<20,12.104737259262173,5.675,3.7442059802450993,77.2
0ce38b48-a2c7-4227-92fa-86f617b23021,1.0,pass,0.0,0.0,0.9781784247927447,504.64233692271074,1.2778705030987112,5.195529711433435,2.915605448929575,<20,25.158312209222622,0.625,7.898706429852821,46.1
0ce6f2a3-a6cf-42c3-9133-111139be1dd1,1.0,pass,0.0,0.0,0.8041022948401457,155.59032005569227,0.375551009014644,0.0,14.513341781385156,<20,6.162131126130588,2.55,4.5995564111192495,99.5
0d10d2e3-29ef-40cb-b612-94021d98245c,0.332513,pass,0.0,0.0,0.26601030887159305,82.8408480418419,4.569809641848177,2.55568061485859,92.63511389146497,90+,3.2219725306032876,5.025,3.5934061540971154,80.9
0d2eef98-722f-418e-bd3f-e334fd44af6f,0.0,offroad,0.0,1.0,0.3633441215308954,526.1312032293378,1.114335449263238,,4.194562365701499,<20,26.343720779250322,0.0,88.17869583639222,81.6
0d358fc5-7b9b-45a5-9126-c9b1a61a83d4,0.68384,pass,0.0,0.0,0.5470720550990102,91.4210040199031,4.404829638292122,1.1891885825405435,64.77295722320748,60-90,4.281994441042138,20.775,3.0714505921699446,75.6
0d943259-f09d-4eec-aaa0-73f0e8e6cff3,1.0,pass,0.0,0.0,0.8395032515402069,93.95887798326247,0.16790210538506603,0.7407450115112748,0.4265955676382349,<20,2.5108454467935344,12.65,2.7833419326720334,91.4
0dc1f11c-9dfa-4366-bb56-e488800e3b0e,1.0,pass,0.0,0.0,1.0029384301321023,415.4709104747515,0.5530921068610081,1.4048761885022436,0.5308343991039481,<20,20.48627552493339,5.1,3.511467044110923,91.1
0e05cb0c-9cfc-4e81-b801-0216fde5cd20,1.0,pass,0.0,0.0,0.9217812490794844,654.5484533599201,2.4756799936632983,0.35285374965761734,1.8277566192422627,<20,32.798745251813266,2.775,4.747555420931253,63.6
0e28a75d-2682-4589-ba8f-6f5a9d789ea6,1.0,pass,0.0,0.0,1.0017502825640765,715.009494553432,2.5407110834688615,16.44250882608256,2.483401005733887,<20,35.75958005713119,0.05,15.260529241130383,13.2
0e3771c0-04ed-4002-bce1-993fa746c8f3,1.0,pass,0.0,0.0,1.0017104761524207,12.243218956203995,0.2472642610012456,1.0478072881593126,0.5830277705916159,<20,0.611532253911906,17.075,3.8281834403985595,72.9
0e479696-934d-4b1a-9d21-3e159990c4f8,0.732787,pass,0.0,0.0,0.5862294293665555,59.775228558475874,4.205115110325131,19.368342115166143,69.82688335603898,60-90,4.2747871461872,1.1,12.656693681688987,61.3
0eac65ba-8cd3-460f-be17-07cceee88454,0.0,collision_at_fault,1.0,0.0,0.4780244875238412,205.03132054681598,1.5079721285923926,0.0,22.849980943496128,20-45,11.002067475728438,18.45,3.318001854483324,91.5
0eb6e9ae-bc08-42c9-bd10-45a99b473288,1.0,pass,0.0,0.0,1.008728160139107,63.8466994083939,1.0121652398054823,0.7949625860015085,21.16881759574868,20-45,3.1702167910215264,5.075,3.8336635080419077,69.9
0ec1da73-99b4-4f0a-8266-6f696947b162,0.588448,pass,0.0,0.0,0.4707582238662497,241.55565647858683,3.4712502526539635,16.982284475395524,76.96277354115621,60-90,11.9992711518491,1.7,5.674260179456501,87.2
0ec477bb-58d9-4868-8441-235a1d2df0dd,1.0,pass,0.0,0.0,0.9238280795343764,341.58469907977366,1.0080102718412687,5.913541532582172,8.378969027104404,<20,18.45185399737678,0.375,7.90276799697224,76.4
0ec48454-b00b-4966-a847-1156eb4f8bcc,1.0,pass,0.0,0.0,1.0022648856183403,229.33347141240375,3.085566495593118,0.2978280532864534,3.3360629145431444,<20,11.579454650819804,16.025,3.240432226398768,89.1
0ed17741-e00e-4cdf-86f8-7beb51950fa4,0.645417,pass,0.0,0.0,0.5163332268891143,200.4236476203297,3.956562450353282,0.0,7.625500605034827,<20,8.01865329608421,13.15,3.7254543388931824,83.0
0ee89cab-e4a5-4010-b6e7-dd3cfd1f73f2,0.0,collision_at_fault,1.0,0.0,0.3412497422698328,122.44614790616677,1.2790514963962918,0.0,22.06341049375001,20-45,6.469634936827728,11.775,3.755852773232711,90.5
0ef6ea6a-8dd6-4787-80a4-3d949faadeb4,0.992435,pass,0.0,0.0,0.7939482497447482,143.32674870253325,1.265594400871866,0.1324721875490334,7.830188172753095,<20,7.54655919521016,12.1,3.09773290478477,31.0
0ef9835a-64f9-4f2b-b364-098a838b6fd4,0.0,offroad,0.0,1.0,0.2270734161104826,150.0570863561147,3.0487452133811446,3.8810147765803045,86.04702580633148,60-90,6.828552089699931,2.575,8.074165715897463,90.3
0f16eea8-3541-4c81-be1a-4353691ae4b9,1.0,pass,0.0,0.0,1.0024456489388254,367.03187141476116,1.1383386713784769,48.16456122912486,0.7514938855507293,<20,18.03790729082403,0.175,18.467292707270285,16.4
0f4b8753-22c6-4440-814d-8cb6d641ffd0,1.0,pass,0.0,0.0,1.0020109958173005,218.33160534922888,1.1577380851288224,0.2027770108918975,2.928912082521402,<20,10.986277640792137,11.85,2.952737108655545,71.5
0f525628-b4c3-4506-8b16-a27385913fa5,0.429377,pass,0.0,0.0,0.3435013388746033,52.28417240056085,4.231562178942215,2.1747875130559384,82.88706786618548,60-90,2.040987186594223,2.6,4.983208470378937,77.3
0fa7060f-1481-4ff3-977e-510285e2515d,1.0,pass,0.0,0.0,1.0067332055973097,30.504351053142923,0.3262748064828191,3.6176382630982493,0.20695698166898002,<20,1.47717052780413,8.075,6.3325612377162575,88.4
0fb75b6e-edbc-406d-a94d-56620a7526b3,1.0,pass,0.0,0.0,0.8625553928884145,113.2028291892893,1.7850413263918918,2.6537208588322536,37.89809883357212,20-45,7.022644989350366,2.6,5.75799808722187,84.4
0fb94790-b759-41f2-8cd9-63a58dfa0861,1.0,pass,0.0,0.0,0.9320594163908885,79.63885165910504,4.052829740392881,1.2326254001151327,8.601462466663305,<20,5.138443416519919,5.2,3.8561329416775716,88.6
0fd06bc3-1899-4b45-9278-c5c018b3968d,0.520889,pass,0.0,0.0,0.4167114860779835,178.00959090492196,0.5084917901918163,0.0,38.44151910028563,20-45,9.062225849220903,3.3,3.33858477565316,88.1
0fd2c051-f5e1-4416-9bb5-9b93d92f55fb,1.0,pass,0.0,0.0,0.9950052823019978,172.98762224225078,1.0654735428150808,2.8971965917877576,1.0009326985200822,<20,8.53028602727915,3.525,3.87468770107176,77.4
10834e23-7e77-4256-987f-dc5cbd49e484,1.0,pass,0.0,0.0,0.9809010174233435,125.53018027024561,0.3910099981972898,1.1210563392610404,1.9968944217363365,<20,7.1663493082084,18.45,3.3339245388659475,68.1
10a82476-9cae-46a0-99e0-4c153ca8268d,0.0,offroad,0.0,1.0,0.37587582095570343,318.1349813515419,0.8161783390830981,,27.928735206639768,20-45,15.875806943029094,0.0,34.9441043751789,18.0
10aa74d2-9fb2-4441-8101-33c62fe97b7a,1.0,pass,0.0,0.0,0.9926262111440743,612.2671249215159,1.5592846262059397,110.18344248727735,4.343575777180946,<20,30.526587903252334,0.0,62.89546465136353,25.1
10e91619-c0e2-4e87-abbb-40791a7ecb6b,1.0,pass,0.0,0.0,0.8589724349010037,273.6414953628901,0.7410462945274623,1.3145146862621089,3.2793395140841355,<20,14.942411282141501,5.875,4.192525897226318,67.9
10eef229-32c8-4ef5-8a53-2e5e4b6675a0,0.0,offroad,0.0,1.0,0.2165062346606705,83.65214132243398,0.8095363882208334,1.0699233863815913,60.26262175766569,60-90,5.158093109100266,7.175,2.966464447821073,65.8
10fe595e-5aa9-44fe-ac74-af3c0b5fecdb,0.945801,pass,0.0,0.0,0.7566409860388243,326.5388465378878,1.3943333528467599,1.6890765152565748,23.35324396512058,20-45,15.242034433920752,3.8,11.61031477114603,80.9
1182b9c0-56b4-4c28-b7c3-5c9de0256699,1.0,pass,0.0,0.0,0.9372771212420663,272.5869834105791,0.7059639975955048,1.9108525293160858,3.1357562547959033,<20,15.82194245054299,1.975,3.614229958610885,77.8
11d76816-1acd-49eb-902e-5a973a558e32,1.0,pass,0.0,0.0,1.002077884072141,487.76086812958124,2.566346912170915,6.668372591685568,0.6639867311751806,<20,24.391231434833156,1.225,11.536510543989852,62.1
11e26412-dfa2-404f-a163-c2c8743821ff,0.0,offroad,0.0,1.0,0.41568802026216983,91.01454815140264,0.8487427078623421,2.8620050897599194,19.417324894376282,<20,3.9596704421979694,2.2,6.281443587382043,58.3
11e62ffc-ebd9-448b-88ca-61796a5e5db6,1.0,pass,0.0,0.0,0.9765757005432835,289.1359167185432,0.8327765080239877,2.2099256877557925,4.079992678721315,<20,14.036911622762695,0.125,9.404344333463035,100.4
11fce928-d921-42fb-b202-29608242745a,1.0,pass,0.0,0.0,1.0032664436838459,42.75779406431709,0.9393689148766339,2.3760170821525217,0.98876989238292,<20,2.1824265512958307,8.6,4.437200110897983,83.6
120b0581-8e71-488d-a377-e2a96b0d2e89,0.0,offroad,0.0,1.0,0.6502705951427719,289.72486189391003,3.0449020865145915,2.0878665517696504,0.8435986832035791,<20,14.403257201237635,3.825,3.8081619625563277,95.1
12449274-01ce-4d5e-b5f8-5fe675668dd0,1.0,pass,0.0,0.0,1.0028144015462817,324.14765952747086,1.3401842693043131,1.8499954266551035,3.3459971408714013,<20,16.06142918785896,9.0,3.64936707380008,85.2
12a27b22-f5ed-4e93-acb4-567bb0e0be57,0.0,offroad,0.0,1.0,0.4210675627049005,428.16714070574807,2.5301250690561985,43.53614770764257,3.9220059894953265,<20,21.43402024371147,0.0,35.120230906748205,74.2
12c89c65-e52c-446e-9d0b-f4b783f46116,1.0,pass,0.0,0.0,1.0086987160564802,71.48966852487344,1.8707649968237963,2.6520182136126405,2.6017669950541795,<20,2.3013559188899038,8.95,5.685653397693951,63.8
12ed6f9c-7b75-4915-961c-f7e57da33a74,0.0,collision_at_fault,1.0,0.0,0.23093687927331294,416.1156098943808,3.2603520019575636,0.0,7.780314443682681,<20,22.257453155646882,0.825,4.303609118622066,82.8
132ae6cb-1e58-42aa-8bf3-4381eb958e43,0.153895,pass,0.0,0.0,0.12311580339273202,220.71745691144875,4.0335883233431735,0.2611099496982577,77.6764103661561,60-90,8.232317818511211,8.65,2.9436105576878764,68.1
133a9c96-0cb9-41ae-8b84-ea87b74f3376,0.0,collision_at_fault,1.0,0.0,0.15691493518349056,214.62099675160272,3.40083736115057,0.0,66.14872225880347,60-90,9.87946462140044,4.625,4.5894294510306155,77.3
1340b864-e79d-4c2e-ba3b-8440032e830a,0.0,collision_at_fault,1.0,0.0,0.6943860441327132,202.03588411382563,2.1295643698757987,0.0,5.6384059321831295,<20,11.188097435424556,16.825,2.895667679289957,77.3
1370aa93-94e4-4dcb-9855-ede07046cbff,0.493062,pass,0.0,0.0,0.3944493410627653,317.12748586780185,0.44333623263431987,0.0,5.712983556696459,<20,16.257525868557757,6.6,3.768147411126997,87.8
13bf14b9-cd97-4e2b-92f1-d5bacfe22ab8,0.819147,pass,0.0,0.0,0.6553172171394063,84.23516525880437,0.3541394782392908,0.0,32.986961179756236,20-45,4.526215465600198,4.25,3.9455795820703004,70.0
13fb89b9-2196-4545-abb4-c3029d89fcbe,1.0,pass,0.0,0.0,0.9801695243572678,189.96977603806346,0.39627575854258446,1.2307987800997526,1.660358923888296,<20,9.448788416695313,9.45,3.773829411587886,94.9
145bf9cc-0547-4e74-9903-2b6bac686245,1.0,pass,0.0,0.0,0.9691089727717337,86.39966699270833,0.12733854368731404,0.8620276898137557,1.0631116134342236,<20,4.99845292889516,21.9,3.1625037382517007,71.2
14850e11-6a08-4cd7-9875-be353f1a764b,0.163416,pass,0.0,0.0,0.1307326144276456,112.3828650893244,1.1962504091878656,0.0,63.14242021104788,60-90,5.6617357229408265,18.725,2.6079796017365413,93.0
149fbd30-9ccf-4b23-b3fa-6ccbad8bb88c,1.0,pass,0.0,0.0,1.010665606552762,115.55110203154068,3.40491864381866,2.5483055020017624,78.61646572493599,60-90,3.120749893586472,1.425,5.115347604890684,80.9
14a02b32-08ac-493f-b9b5-5367df0cc568,0.75887,pass,0.0,0.0,0.6070963986229492,148.14097068818737,2.8991176179329363,0.7123259145447167,70.21592250803764,60-90,7.328497682451405,12.1,5.41973004475431,93.1
14e9329f-5964-4888-99d9-bb3027477bea,0.811775,pass,0.0,0.0,0.6494197067138817,185.4408613665055,4.216350077992779,1.4179056744165353,85.26559951406745,60-90,9.802391853249057,8.75,3.342235348237646,71.3
153222d8-e989-4828-ab09-b5f2a3a333a5,0.805956,pass,0.0,0.0,0.6447645815609278,202.30356457355683,3.6599442041064423,6.613133845994041,49.30462770472594,45-60,10.546035789087416,0.825,7.305899226313658,65.7
1544b166-8f12-4481-a1c3-eeda51581e1a,0.13921,pass,0.0,0.0,0.11136813475942041,142.45969510717336,0.07814037105060175,0.0,77.12441837651829,60-90,5.549009749682012,18.8,3.5437191052679147,92.8
1594e89e-5d0a-48d6-8d2b-5a5c287d451c,0.153102,pass,0.0,0.0,0.12248136959060124,90.8761182874346,0.7174483299918546,2.8261663788409424,75.45321795698108,60-90,3.397771708382922,2.9,4.712921515726144,67.9
15c2335d-ae77-459f-a57e-194ee3e44c82,0.664214,pass,0.0,0.0,0.5313710767132537,330.13593290891157,1.7879161888651105,0.0,9.632731374276915,<20,16.5207733762906,1.625,3.7144668717790164,88.2
15c75c83-b500-4a4b-aa97-533d2246a9d0,0.0,offroad,0.0,1.0,0.12076910349263306,285.10915633877624,2.596606604439851,182.73063781561805,70.71515863779419,60-90,14.710573133261594,0.2,15.935979166506252,23.5
15dd433e-ff56-47b5-82c4-ea91f8f7443f,1.0,pass,0.0,0.0,0.9215775490961815,79.77959874412971,0.5522460029884702,1.39153522383379,2.364214079523012,<20,2.0531391357865205,15.4,3.3808299420302905,96.5
15e74ae9-3bda-497c-ad76-51753f6dbf32,0.301257,pass,0.0,0.0,0.24100586867611415,87.28609810810721,1.0505384813448873,0.0,54.04534419759993,45-60,4.16080935019253,12.875,2.953293019832435,97.1
15eaddae-2668-4969-9b1c-60942cc8fa09,0.0,offroad,0.0,1.0,0.008207262545019136,110.69780178082948,0.00035817293046299357,2.3236144523705353,14.909259471470506,<20,4.527212071263365,3.825,4.267262631694297,41.8
15fd88d6-af76-41ea-9a63-b7c49b39ff11,0.333784,pass,0.0,0.0,0.26702731252732065,480.5405082434789,0.9164786227051225,0.0,27.460008220836425,20-45,24.19737763336325,1.95,6.678073515178129,83.5
16150118-eef4-42d0-8358-15e787e236a5,1.0,pass,0.0,0.0,1.0059018633335879,211.4412002621838,1.6068005757139194,1.2726471759553062,7.321930197272466,<20,11.594740542907156,8.775,3.25782529850051,74.1
161aff42-2c7f-4d9c-8a24-97a606bf3df8,0.46728,pass,0.0,0.0,0.3738239916263458,105.37792837767444,2.32500778500125,2.468649602524966,104.85360270684045,90+,5.786323684124966,10.425,5.508085183552677,39.8
16300901-6733-4d2e-addd-456cc090153b,0.998238,pass,0.0,0.0,0.7985900414983889,442.47278989928594,4.053321583013453,0.588224791135362,4.892593699972033,<20,22.04868550745406,2.5,2.9532735267174246,92.5
1656742b-a785-48fa-a1b0-e789da89d5ee,0.0,collision_at_fault,1.0,0.0,0.8533011690203716,51.80921696684909,0.10443305038937985,0.0,3.046820217210392,<20,0.6307069234553555,5.9,4.109591354415316,90.8
169d74f6-99f6-4f65-8352-b43bc6e80520,1.0,pass,0.0,0.0,0.9436738585885226,46.20496698674473,0.0811573216437802,0.9093573372370808,0.8407782479765601,<20,0.10641135045414907,17.775,3.1355337006155652,94.4
16eb5dec-90fa-4ce1-ade9-3f70c2ed9c9a,0.721028,pass,0.0,0.0,0.5768222120492265,115.23326138310455,4.0598237882242545,1.3982549141482943,62.939145618960765,60-90,6.3440060680206,9.175,3.6915970893994507,57.1
16f25e75-5fc4-476c-9112-dd455dced8b9,1.0,pass,0.0,0.0,0.9741955307212896,171.0400982038735,2.9688409773550095,0.262366819445812,4.511155678556321,<20,7.62547370577593,3.975,3.4346083947104424,82.5
170a3280-64dc-488a-bd73-0a5f6fc5617a,1.0,pass,0.0,0.0,1.0034109190268456,745.8365847284595,1.0027857813995587,6.688826530327739,3.6157452209991567,<20,37.131482094558365,0.275,6.084614970031604,39.9
1713b0b5-95e6-4289-bd77-7ce59d2013ca,1.0,pass,0.0,0.0,1.0067935975486209,48.2900607882098,0.1357750279953771,0.29859288702248,1.2148487212596601,<20,1.4214466881759915,6.5,2.9950125985235037,92.8
1722223f-9a8f-4b5d-a9c1-b39390e78348,0.0,offroad,0.0,1.0,0.757547454461532,440.20343345741213,3.229838118851979,15.848489853630754,1.0631543423489298,<20,21.7827257466366,0.1,16.99376361687273,22.0
17343b97-975b-4e32-9d1f-3ce37f99effc,0.23392,pass,0.0,0.0,0.18713628908355007,201.60186335834192,0.08766762784540297,0.0,59.40378848295305,45-60,10.562350619357426,2.125,5.670260737581879,77.2
17593485-1941-44bf-a7f2-3c24bdd4a8b1,1.0,pass,0.0,0.0,1.0059781524508735,143.94444875598697,0.712101589124753,3.2133972670884967,6.218733280047422,<20,8.708102829448922,7.575,5.840859105979807,78.9
17ab62e4-36a2-4f6e-bdad-096298862116,1.0,pass,0.0,0.0,0.9820930369595109,187.00054509083927,0.95857627057478,5.100510914113193,4.878289843460002,<20,9.594300611810118,4.75,7.883864463466597,56.2
17ad7fea-5672-4a12-8578-a3b3993b1027,0.617705,pass,0.0,0.0,0.4941643512625913,328.7630917241844,0.997991135397097,0.0,6.545672421866599,<20,16.714203445877597,2.125,3.9859385261512377,91.8
17bec9f8-aa14-4091-ae83-b05714fe6e81,0.0,offroad,0.0,1.0,0.140128511992526,219.9219903192032,1.374832965376001,6.345897732259974,66.68359065395566,60-90,10.567623970921083,4.325,5.669710217693024,89.0
17ca33eb-7b09-4f93-93b3-9583ab693228,1.0,pass,0.0,0.0,0.9346237777832003,58.644811123227356,0.20771681370159764,3.603648392162562,0.607285704424748,<20,2.906593107121029,10.35,5.682198938161302,86.7
17fa63c0-e650-4841-9f1e-e44f8cce182d,0.687985,pass,0.0,0.0,0.5503883107120234,442.8259057442822,4.0188997399713875,12.636805610095474,17.612157891418416,<20,21.528027437207285,0.95,11.782216146263837,76.2
1827c039-b11f-498e-964d-0f90a6475baa,1.0,pass,0.0,0.0,1.0007554303096073,121.08364404448231,0.29041487085597084,0.6797551860762665,0.7216924064472053,<20,5.788230865487622,6.975,3.232010120581453,96.8
185ee101-147e-4e76-af41-a0d8b4beb2fe,0.502253,pass,0.0,0.0,0.40180249165520987,77.7725500213049,0.651002988141068,0.0,89.73606196356185,60-90,3.91106133466302,3.35,4.818293197204005,98.0
19073df6-076e-4ae0-9f8a-be59239919bb,0.578242,pass,0.0,0.0,0.46259393886339323,414.97288674887335,1.6126270174520352,0.12195458116126433,55.54914241974086,45-60,21.535869169997365,0.25,3.343720435358389,110.7
1920170b-0317-4211-9b7c-1002c9925d7a,1.0,pass,0.0,0.0,0.8790760389750857,243.02542295738135,1.69299680899774,0.0,6.013839264619988,<20,17.258368477281913,0.7,4.6969314531561235,105.9
192b11e4-9a76-456d-88b1-993942674cec,0.825179,pass,0.0,0.0,0.6601433223749101,115.13911271696107,2.8545455489291696,6.434010333844624,89.2507118743172,60-90,5.29284748901679,0.875,9.026350456054423,36.5
193d4a94-55e0-4a37-a9d5-bc1414d7c33a,1.0,pass,0.0,0.0,1.002789871854834,600.1603868850741,1.3052757966328838,0.20584238750965317,1.1926107393803673,<20,29.998374528145046,9.325,3.158947427661262,81.5
19585c5c-d523-49f4-bf15-59291e6c9278,1.0,pass,0.0,0.0,1.0000012511779615,153.6106483730849,2.148069388021621,1.7209437573019277,0.9365087224282803,<20,6.922866570704093,5.125,3.236688299994483,75.3
195b19d3-30a4-4449-990e-43932e3597c5,1.0,pass,0.0,0.0,0.832402434456096,313.437256406927,1.5119703209982236,1.1315972117638204,0.6403794136776262,<20,14.627593389775152,0.95,3.932437238503652,76.0
195e294c-7631-4f72-a495-4695723e10ce,1.0,pass,0.0,0.0,0.913646245724294,704.1473129533509,3.674621519371106,11.738802052792426,1.5073248890205493,<20,35.22329000040766,0.75,4.901275652808644,18.2
19825ebf-ef39-4069-a2c4-c9fb1ece84a1,1.0,pass,0.0,0.0,1.003194584861404,177.77366695378973,0.6525160331192957,1.1841533333589573,3.240247048733299,<20,9.043684358411154,15.9,3.463876427588093,91.7
1996d376-4738-4252-b8cf-f65f03de1538,1.0,pass,0.0,0.0,1.003631439716856,210.80707977955075,0.9492276016097665,1.67600503329989,2.395373966938673,<20,10.742455817368066,3.125,3.280717522261616,55.6
19dc4c06-0e82-4fc7-813f-34761e63d009,0.718094,pass,0.0,0.0,0.5744750492492683,155.81718610721964,4.117642281054175,0.86382824414453,68.56341362423407,60-90,8.55773815799569,10.1,2.773449711024696,88.6
1a394766-ea99-4cf5-98de-d1821222612b,0.721129,pass,0.0,0.0,0.5769033800114742,355.47763778429277,0.534633805794521,0.0,3.81400989042006,<20,17.615584201311126,5.225,3.2157947164028498,25.3
1a4792c0-cd4b-42fc-9615-2f5ff41f13e0,1.0,pass,0.0,0.0,0.9861186967350248,77.4133840659917,0.5151495793745018,1.0596000213488104,2.2510202068180134,<20,2.9764570411993536,4.1,3.0475226837980607,70.3
1a5da90a-b970-412c-b97a-a1111119b456,1.0,pass,0.0,0.0,1.0037516211737512,410.7041310057764,0.5586864510336451,1.3594949254108346,2.8216162325050376,<20,20.177016399002884,0.525,5.300740569811105,87.0
1a69f757-4f33-4fd7-98a6-3a026c88b571,0.211656,pass,0.0,0.0,0.16932446577142038,143.56824081708493,0.019343883131436233,0.0,28.849050280062556,20-45,6.775420127016689,3.425,4.080887818977175,64.0
1a84a820-fa70-4e8a-80d6-3e88d8b3f4a5,0.970044,pass,0.0,0.0,0.7760349887216571,79.51086257682098,0.14009640870052456,0.0,1.059291342244213,<20,2.165123829953558,4.8,3.356179990812507,82.6
1a89339b-48d2-42c9-9b6b-277dd098112a,0.394706,pass,0.0,0.0,0.31576449078188507,411.74224584505197,1.5998194408461222,0.0,14.596575556438676,<20,19.612386370979337,1.425,18.120566694045674,18.6
1aa48b8a-a2d9-4540-8d7e-a6fafd5b0dca,0.810012,pass,0.0,0.0,0.6480093807760994,87.69920215358695,4.0003615339916685,2.9502409900611224,100.2421633005732,90+,2.8667004630581308,0.1,15.30211443619523,64.6
1aa55ab8-3e78-4f4b-9adc-d1efde8e5fab,1.0,pass,0.0,0.0,0.9998536695772313,68.66281646538424,4.129186093144208,0.7531227513478186,29.385149045949692,20-45,3.258284324672004,4.6,4.094496392040414,81.4
1ad2258e-7166-4af6-a076-d2174b78f73a,0.281568,pass,0.0,0.0,0.22525459335616868,118.7419161784306,4.290388912866401,0.6515523128139192,79.9860058211283,60-90,5.1219974262980825,13.25,3.0758406358430177,83.7
1ad54fc0-1ccd-4855-8e76-b243938bba7b,1.0,pass,0.0,0.0,0.9629990095495767,187.80490607496515,0.6951644675498192,4.288942151258104,12.835565503591292,<20,9.692761737663412,1.075,5.973389961123121,80.1
1b024ad1-c2cc-4538-a7c5-8184f8cf0959,0.880991,pass,0.0,0.0,0.7047924401750069,130.85395340562087,2.002257159858735,1.0194514153300958,26.91141018852067,20-45,8.28467769924265,10.525,5.5667511252661255,85.7
1b80e5ad-d436-4a3a-a639-ae991b443c5d,1.0,pass,0.0,0.0,0.9895356187365115,443.1997030256312,2.213556174128348,0.0863324557093078,2.0207874970072845,<20,23.162883255437535,4.375,3.047488632607217,39.0
1bd00ed4-491c-4634-8a54-6ad2f96d83f4,1.0,pass,0.0,0.0,1.0031062900143102,231.95554835094742,0.8000929505839557,0.17328976669777788,1.0736845937085246,<20,11.413935636604071,8.625,2.9945935699584174,46.6
1bdbff74-69d4-4c5d-8e3e-c8c7180dbdf8,1.0,pass,0.0,0.0,0.9739178670253505,76.92547996773085,0.36758934756106043,0.4937686931108999,0.9314106094881569,<20,2.832955786019557,10.275,2.903137320042943,68.0
1bed5f04-325a-41d1-9eb6-973285f62dae,0.34746,pass,0.0,0.0,0.27796797702464193,149.5178154658093,0.12441078639510866,0.0,83.71279994525948,60-90,6.822553753052455,1.575,9.365043042925164,29.1
1bfad87c-4f52-4353-9f42-763a6ab8fbf5,0.664047,pass,0.0,0.0,0.5312374574450274,230.86648451679704,1.7985766814431565,13.862808990788114,15.832230544670585,<20,11.674306181486118,0.3,6.532094767306849,34.2
1bfd39ec-e09c-41fd-94e7-5fa70aac3a47,1.0,pass,0.0,0.0,1.0050111716526768,49.75737612376869,0.4653037071207662,2.647180618365963,0.43963230476472304,<20,2.785451219912798,5.975,5.412100007176761,83.5
1c576012-70de-43e6-8e3f-bee14bb7a35a,0.378325,pass,0.0,0.0,0.3026603470267314,456.1974961757084,4.113590085696316,2.460127462910287,18.607049524226966,<20,23.239640956233437,4.15,3.436171347784131,88.4
1c5b5611-79ba-43a5-8f73-b597e3620ef9,1.0,pass,0.0,0.0,0.9769640850707906,0.3386383008376702,1.567351658341785,1.21469715394225,0.4171998616049718,<20,0.00025358465286043027,9.2,3.622396567907129,75.3
1c841180-ba2a-41f0-836b-650e535d8741,1.0,pass,0.0,0.0,0.9950739583709943,292.5334063032552,3.3654585015891727,4.399846991049284,3.762700496143539,<20,14.64450698766269,1.3,3.6765717591570257,94.2
1c9774e9-02ec-4ae4-a404-c057c9aa88fe,0.0,offroad,0.0,1.0,0.266376378196358,225.2705255337476,2.1424805236204465,43.56043769715884,39.299273352962345,20-45,10.459806253281714,0.05,28.216256399174387,70.2
1cd9b073-5cbc-4c75-85e4-052299ee1cc1,1.0,pass,0.0,0.0,0.9018769911078367,29.679930662704102,0.07319712721387292,1.115472766676764,0.19961628421680108,<20,0.004510383519443312,9.825,4.001649941793193,89.9
1d205d02-7180-40c0-8242-22e57ad977d7,1.0,pass,0.0,0.0,1.0000983494811417,105.85771367932657,1.497431266717215,0.47378376533506805,0.6151032570715019,<20,6.938788853196699,9.025,3.828946980998525,76.3
1d5f7881-a7f4-4c60-8e56-6ab1b85c5689,0.0,offroad,0.0,1.0,0.20813890122889753,132.86309042483268,1.1414691606074419,12.081521222059305,26.336774736144765,20-45,7.810957029733346,4.175,5.008872174017912,77.1
1d6e30bc-00d2-4c1f-b7e5-647719481dfc,0.229042,pass,0.0,0.0,0.18323369118160163,63.79048464920515,4.032740683219351,4.58992255507205,52.3780235605629,45-60,2.2619599843043514,4.025,7.083579579787736,83.6
1d879259-ba18-435b-8fc5-0234be52364e,1.0,pass,0.0,0.0,0.999941535581043,51.222748518862396,4.301831315156574,0.734122353045803,3.152388144989772,<20,1.9413877930471068,14.875,2.816597562439695,70.8
1d87bdc8-a321-4796-9ca1-da8a94160535,0.0,offroad,0.0,1.0,0.16807821452565633,162.97080380371239,2.449331160539454,18.078020974446655,81.04990777861015,60-90,8.009433004654216,1.175,15.228656968768664,98.1
1dbf641f-7723-473e-a6e2-488a3a7f949c,1.0,pass,0.0,0.0,0.8483791744956068,100.54053913429576,0.37528697556512447,0.0,6.56972413563364,<20,1.1080506753268629,6.6,3.9465585889168353,86.7
1e0b54b8-2608-4fe2-a2d2-0b05bf169e4a,0.480657,pass,0.0,0.0,0.3845258407465969,69.52245840839771,4.031736827621037,1.3433879785553426,56.195553809525094,45-60,3.9327892077712514,0.55,6.5231893618750965,71.5
1e0f1cb2-0c16-4f65-b7f4-3858337ca7da,1.0,pass,0.0,0.0,1.0036340473942411,206.09767165326085,0.45955947601498925,1.4590215898545658,1.140522600872784,<20,10.281426559096545,2.125,3.974189216956549,69.7
1e31b2ad-e61b-42b9-8c13-d40630d50172,1.0,pass,0.0,0.0,1.0031550629180808,377.32444669839697,2.2221743010446784,2.3105065576535107,5.830227599722926,<20,19.14906595600239,1.875,4.139974774969408,96.8
1e53d45b-1593-4951-b85e-c28c20fa8d34,1.0,pass,0.0,0.0,0.9377565193582909,181.8251737234293,0.3924699038235834,1.7203250678915578,3.054406337858703,<20,9.093038780350309,8.3,3.676239207719592,81.0
1e5435de-0e4f-4f9c-943b-c44275544715,0.730752,pass,0.0,0.0,0.5846019917566205,167.23439015404418,0.290978673383049,5.2757905511421574,3.2432351460546354,<20,8.209423394069224,1.8,4.877435701625939,74.6
1e7d049c-a19b-478a-8f49-126aff5f6ad3,1.0,pass,0.0,0.0,1.0040943000309823,199.17692769617355,0.530167493264638,1.4351685253656818,1.6826244895400169,<20,12.199609129273473,12.175,3.1251761025122473,77.3
1e883544-6828-4b76-8675-4da6adbec601,1.0,pass,0.0,0.0,0.9647362360325277,73.66226404673374,0.4993134967768648,0.30806661632528604,4.988963533035952,<20,4.516619227020788,21.15,2.704845130145905,73.1
1e884c53-d49b-4410-aeb4-65f5da23cf53,1.0,pass,0.0,0.0,0.9999120600935463,137.64439452868595,4.131889955881344,0.9278759616472623,1.8101847471817591,<20,7.25848697322558,8.55,3.742773359150392,70.6
1e8e939e-932b-4511-a231-0282942cb4ca,0.392716,pass,0.0,0.0,0.3141730147790236,198.3006299372173,1.1984929262905597,0.0,58.654586054111995,45-60,10.575327974617462,1.0,6.896090130444411,94.5
1ee06414-734b-47f3-8b5b-e1a810eb83e6,0.920575,pass,0.0,0.0,0.7364602587475965,115.86484998250799,1.7603722286128647,18.68546537443178,64.11964894126815,60-90,5.422095761304251,0.45,18.206457355098596,60.5
1ef4e5bc-ea88-4cf0-9b07-d0dffdaed145,1.0,pass,0.0,0.0,1.0043449445161887,44.73921885415351,0.41755430803336074,2.7617980012031422,0.4417022756164328,<20,2.1236994844401553,7.225,4.781693824766263,87.5
1f0db45a-1da6-4d5a-aa58-7905dfc2051d,1.0,pass,0.0,0.0,0.9981136171442002,719.2415551334814,2.838066916391563,17.10674799810966,4.592231581625925,<20,35.79999323802715,0.6,18.305590235434053,13.3
1f75b859-8f33-4841-bfbb-8e7d64621859,0.0,offroad,0.0,1.0,0.41419947505678717,470.8073674591156,2.535749749765136,3.6207554701608315,4.229015145813774,<20,23.245622638893447,1.2,4.156244718937237,21.0
1fcacc17-2f22-437e-84f3-a8451431f39b,1.0,pass,0.0,0.0,1.003115612181554,583.4409407969073,1.1488176440025384,9.70445124428751,3.027860750803021,<20,29.297997134584328,0.3,11.57190842968225,88.8
200c6367-6372-437d-949b-620851624628,1.0,pass,0.0,0.0,0.9481463838959268,603.7407682337282,2.317247692986121,0.8639040152548532,11.054235816073575,<20,30.18075576031509,4.35,3.875348203049586,84.3
2018a8c7-21ad-42f9-818e-9e45cadbbe6d,1.0,pass,0.0,0.0,0.8874775060631874,562.0935896294808,3.178899609288132,3.1479041666721272,11.15709128185712,<20,28.33608962662608,4.4,6.534654715283263,58.2
209428ee-53bf-4338-afcf-cd0fc33a94b2,0.310701,pass,0.0,0.0,0.24856103823176673,135.47719700898404,0.6004433840369723,0.0,69.02195723985238,60-90,5.810782718205754,3.725,4.174162856297618,43.5
20a9fb48-2989-4ed1-8cb9-8b5973e6b96e,0.607198,pass,0.0,0.0,0.48575863615780085,116.86314214264533,0.18560132313402417,0.0,1.056748187257825,<20,3.4365518695510016,7.85,5.264909640249714,77.7
20b83e7f-e9c3-4fa9-aa91-bfcfeb7e13d0,0.851579,pass,0.0,0.0,0.6812631481276442,227.57252438444544,0.20257459446063283,1.034442234133052,1.4929838983518042,<20,11.88627316299823,21.775,3.1782402026953833,65.1
213dfdac-3596-472d-8dc9-aaef6d0a7b92,0.655093,pass,0.0,0.0,0.5240747143883504,149.39567658188776,2.6967902704744127,0.6396684874022417,100.7524048467534,90+,7.974271718042621,3.05,2.729874496477963,92.9
21626256-03c1-4b4a-857e-09b20eb8f636,1.0,pass,0.0,0.0,0.8256466354329614,67.57869225805509,0.1761997754900021,12.774387090621897,3.0890319327667792,<20,0.029462297471697946,2.625,17.09091348221295,57.1
21829be5-61af-4627-8758-7170324a3236,0.0,collision_at_fault,1.0,0.0,0.28394442946262544,44.607916370983254,0.09100546778045636,0.0,0.9885947493335533,<20,2.863692240229957,17.85,2.9179406212480945,92.0
21ba518c-a6a8-493e-b2c8-f96d043b4c06,0.0,offroad,0.0,1.0,0.311629576468474,218.12514311881156,1.8808929519865059,125.44927895875482,102.79503158388513,90+,13.56462240968233,0.225,6.229861364871261,84.4
21d4de35-b8d4-46b4-803d-7c22528961ea,1.0,pass,0.0,0.0,0.8726904009711718,109.43855764485505,1.190871164605243,0.0,30.95771016357487,20-45,5.400085315482092,9.2,3.788235973392308,78.5
21e8f480-bb8f-4bf4-ba9b-1be79cfaaacf,0.486036,pass,0.0,0.0,0.3888286747398964,99.84897289760332,0.07146718592548008,0.0,0.43025896108059214,<20,5.613285984977782,18.55,3.373371079102092,48.1
2221b2b3-1e50-44dc-ba04-55367379b72f,0.0,offroad,0.0,1.0,0.3597445821162375,121.3767273011636,0.38920653230388086,1.707068638988041,4.543192998159818,<20,6.975208937063194,9.725,3.434151134958411,74.3
225eb8de-bf61-4fa9-b4b1-1f749cf8b57f,1.0,pass,0.0,0.0,0.9826647471874085,287.7381509136851,0.8476293812309311,0.6761974975753001,2.765949743661163,<20,14.310782884255191,0.8,4.049125796826604,86.5
229791a5-ecf5-45ea-94af-dcc1cec726ef,0.604585,pass,0.0,0.0,0.48366798091324026,61.564021248681996,0.20099065167471164,1.1773037359379086,3.6286009723611583,<20,2.6395195140945606,23.2,3.108935830361201,71.6
22a92557-7661-4a06-9854-b0a7f17d5c84,0.0,offroad,0.0,1.0,0.6957064521422833,52.27596091038101,0.33770587696442406,1.9323910580837722,15.860745847891142,<20,1.5009799198417133,15.3,3.770616559956217,75.9
22ab49c5-2c92-463b-b890-0b2208c436b1,1.0,pass,0.0,0.0,1.0045219779589718,100.80759208571692,0.9756659322797863,0.4503159984830952,2.03288309506601,<20,5.888764746620446,9.5,2.825492311399979,72.2
22c0d046-e0a1-408b-854f-0a0dae950b07,0.59982,pass,0.0,0.0,0.4798559618015014,281.6803406024986,0.7597968729155452,0.0,9.003257670804569,<20,14.087468197044089,3.95,3.0377767105408786,92.5
22f408ec-4e26-4be0-89e5-a26d3b989be7,0.29667,pass,0.0,0.0,0.23733600124658702,368.9781649698296,0.375705101239331,0.0,21.71534320576642,20-45,18.42770682951002,5.45,3.2210826656697806,87.6
22fa5c92-6e6f-4f4e-bbfa-9a1490f9cd38,0.344842,pass,0.0,0.0,0.27587365481140474,43.55418072395784,4.387811014896441,3.5561694390667364,69.25956123741261,60-90,2.567656002668133,17.425,3.0718362041129694,69.9
232d240e-5ccb-41ce-9954-97c336fa45af,0.0,collision_at_fault,1.0,0.0,0.2424329959983249,162.8672718895037,3.212607041891583,0.0,84.22707893588901,60-90,8.439715456247102,8.8,3.849174734109121,60.0
234e824e-f19d-4e14-964a-d47b5919a941,0.0,offroad,0.0,1.0,0.31247901146100593,254.9516537927284,3.7955207117099548,14.643855323099805,70.86099705398782,60-90,12.06960101232893,0.4,18.817680999861206,43.4
2374aa97-69ec-4365-8735-b051ff0e1886,1.0,pass,0.0,0.0,0.9591357628087772,163.6001097551016,0.2615111352886848,2.131175946155161,0.5015713225577167,<20,7.908367723271473,6.15,4.415035646346153,81.7
2387cbf7-1d05-4854-8c20-d3ed91d1bffe,0.782117,pass,0.0,0.0,0.62569360860933,228.13098902585782,1.5656867093742675,0.0,9.278725342915212,<20,12.937903277031452,14.475,3.4973504964216238,79.8
23f7c59c-bdb4-4359-a1f5-05ca0aac824b,1.0,pass,0.0,0.0,1.0013963505305628,55.967941370891346,0.5503675019093606,2.293739791963927,0.13494506905067874,<20,3.033818120948328,10.625,4.23466163920753,96.2
240c081f-03ca-4eae-89a3-1b821e47d502,0.187287,pass,0.0,0.0,0.14982994169076655,479.10909905190005,4.049938712725432,55.5902477366167,32.741377151070914,20-45,24.79004467079194,0.775,7.9985507066395165,75.3
245495e4-24f4-4edb-8eb2-a02f0d20b3f8,1.0,pass,0.0,0.0,1.0066729487071986,76.57983707609327,0.873377516232632,1.1553831603005407,1.9726226979613697,<20,2.7840390486810525,5.95,3.225142846551643,91.9
249733bd-12e5-40d1-bf50-54564f6654e3,0.177403,pass,0.0,0.0,0.1419225620911972,352.09213135672854,2.078221458242118,0.0,79.8685460727297,60-90,13.752156550749834,0.875,12.804725224966589,69.4
24a1b702-d705-415a-9b67-bfed47465d29,1.0,pass,0.0,0.0,0.9495868623676166,161.0576781051015,0.9538125448026932,0.11860976127537315,17.515164151584177,<20,8.091310908127031,13.125,3.2494434751849233,33.4
24a50fcc-08c6-493e-b1a6-70c7e95688dd,0.722155,pass,0.0,0.0,0.577723822469716,163.83626389457183,0.6858449973219575,0.0,9.921408113539881,<20,8.189114761751984,6.85,3.4302994973765615,81.0
24e426ed-e651-4278-b4ea-7a4b90d80edd,1.0,pass,0.0,0.0,1.0014891538842674,66.76436976193521,0.42897933061454874,4.147190595552638,0.754289881083387,<20,3.5111213857328747,8.825,5.80776651635895,87.1
24ffbf90-1e77-4bbd-95a3-913a347e800e,0.544225,pass,0.0,0.0,0.4353798269189484,169.2507810691629,4.018301768295717,12.298733711408145,69.19370198725952,60-90,8.23144204218165,1.175,12.9791711762131,90.3
25020844-0ed9-4838-b800-454bfda2e013,1.0,pass,0.0,0.0,0.9998395063412402,92.06241103073184,4.1394815788275805,0.641420030690082,1.837265550343286,<20,4.378265878324198,2.75,6.386651202885959,68.4
2509e4dd-c27a-4461-b846-34174343e4db,0.125744,pass,0.0,0.0,0.10059518748909119,157.15921558054254,4.250597139739172,1.0922818758956532,81.55257265259443,60-90,7.604634637286975,9.575,3.0119398863095066,70.5
25151bb2-6aca-4b8c-bc42-841a27d32d77,1.0,pass,0.0,0.0,1.0039236093264219,465.57078436977184,3.619789567869148,3.131221516266663,47.68402427595692,45-60,25.21152687581089,0.95,4.271432233317972,91.2
2516202b-7d0c-4456-85cb-b88b351f0655,0.613843,pass,0.0,0.0,0.4910744502016255,51.397537371770326,4.148690314692633,61.85383559631093,63.77416595166477,60-90,2.2185000341510412,0.0,37.57908545523667,68.0
251664d8-fe13-4d6c-aeaf-216e6d11696b,0.799116,pass,0.0,0.0,0.6392928637724979,426.85418111058226,2.3671644601507364,2.822308452614744,18.268920441136192,<20,21.42300511321863,0.575,6.827544579468063,87.5
252f2781-e7f5-459f-a5bf-1129bfa2ed62,0.0,offroad,0.0,1.0,0.11823510126922729,146.77827171817964,0.5583653339229949,2.372787228449509,90.4221593810047,90+,5.776144377176163,3.175,5.638617491934774,65.5
25343c92-abac-49bd-8cd3-bedc3215ed0f,0.286619,pass,0.0,0.0,0.2292954796642554,311.9311874271453,1.3453180573227683,0.0,61.85264664954407,60-90,15.14901399655498,0.225,3.8757074148317514,85.4
2554a11a-f982-438b-804f-96d04aa94903,0.0,collision_at_fault,1.0,0.0,0.5769598094927317,114.097347749968,0.46657593813412856,0.0,8.044010170567221,<20,6.854739301082211,11.75,3.319413283939538,76.8
255c242a-9ae0-4f70-9696-91fc7836087d,1.0,pass,0.0,0.0,0.8032459300675615,195.3692351109745,0.892634827430421,5.5954914646204434,4.566980547417611,<20,9.919707964950641,7.275,6.964436804657194,74.9
25cc74b5-b8a5-4fb4-afd0-d681aec94f77,1.0,pass,0.0,0.0,0.869873081537154,99.70476924597227,4.025577014202738,4.956649130674046,63.72943796910326,60-90,4.924043951320287,2.6,9.727727598534381,55.0
25d10a4e-5898-4b57-b3de-5a4f80de5464,1.0,pass,0.0,0.0,0.9827428498659488,425.1912161176419,0.4779216861504464,1.3385055358528146,0.7294861292683529,<20,21.38898523013698,1.075,3.3333675800399862,94.9
26004ca8-cf2f-4f1e-b7aa-07761e139d7e,0.353126,pass,0.0,0.0,0.2825004604091939,521.602665629381,4.09018398423281,2.646765119995163,28.70110191933936,20-45,26.14416107154779,2.625,7.223484964328761,92.3
26344d44-4751-4446-a31d-e982c4629eb4,1.0,pass,0.0,0.0,1.0035494259321711,340.6451139214788,1.606512901057971,6.6785886650383075,1.8495243400777865,<20,16.391746716821245,3.625,7.795079040884511,73.9
2640e5d4-678e-427a-85b4-072f98a445f3,0.0,offroad,0.0,1.0,0.33504260010707315,204.427131945893,1.2960820429093236,27.15948497716097,60.01223403679627,60-90,10.059852149891588,0.25,27.85014784438891,96.1
268949d2-3e20-4972-8785-c15e4fcb5fde,0.556381,pass,0.0,0.0,0.4451049659928323,76.31723240557412,4.009921714274639,2.833346244159506,81.73700350686504,60-90,2.7425304362147265,10.75,2.924727036246602,76.8
26b07382-fcfb-4c6d-9dba-55d6ab124251,0.313932,pass,0.0,0.0,0.25114535111335384,99.40918151732149,2.883583733194896,0.0,84.59369782443346,60-90,5.082278602199797,3.95,2.8390182237395685,67.6
26f70650-1e7f-4b35-9e0a-9afe64537bc7,0.61903,pass,0.0,0.0,0.4952243386358535,493.40474725593657,0.8942790667192286,0.0,13.561291340564571,<20,25.129761678929448,3.225,4.088992543905355,94.2
26ffa56a-1863-45f0-bc51-ab393075a099,1.0,pass,0.0,0.0,1.0042755432921515,76.54641734841657,2.8064314656033558,1.4418402259332337,10.523694851351102,<20,3.778290872959925,5.175,3.219834969666662,95.8
27068a85-f418-41ba-9c6f-f1ce69c9f892,0.309324,pass,0.0,0.0,0.2474592473531303,125.14830566820882,4.035191570550366,5.623136138789294,70.52047410847229,60-90,6.6279374353380245,6.775,3.661274410206284,83.2
27126a85-9155-44d4-9c59-5f93d33e73b0,0.0,offroad,0.0,1.0,0.5424789691747424,340.6169988715601,1.7463355344519222,5.562826285869955,5.6436113937400645,<20,16.994771650619786,0.925,10.499811456969189,76.5
272461db-5735-4a21-a682-7055fcd3b7df,1.0,pass,0.0,0.0,0.9999409787428192,172.38928680551282,1.7895687157417248,3.9336395750917887,10.429445021379586,<20,8.819700882913528,2.3,6.751106231318916,97.6
27324e1f-2e34-4dbe-8ce8-52ee90812e78,1.0,pass,0.0,0.0,0.9889160941570291,190.18821488628444,0.47658380511900816,0.9128345524794054,2.4604423479498516,<20,9.538959411488587,9.4,3.496988603151788,77.8
2774114a-2929-4ddf-bf08-63da4cf2342e,1.0,pass,0.0,0.0,0.9303630794357383,58.326563652660276,0.19508871101499203,0.838903877843953,0.684553570056586,<20,0.18349801468566634,13.3,2.924629808501628,66.3
27e14d22-f753-4b42-88ee-70d886622908,1.0,pass,0.0,0.0,0.8382614679144769,167.45495822670898,4.153923650990714,13.299293265934638,74.60901482575028,60-90,8.298651127071647,1.3,17.52539678897235,76.8
2837a7e8-cccd-4e78-9b3c-2f7582592fa2,0.0,collision_at_fault,1.0,0.0,0.43345156762043685,342.02002362712705,1.8439514214243997,0.0,7.380133139624365,<20,17.393696669032938,3.8,3.761665935965407,68.6
2854bbf0-3dac-431a-9e48-4c26ebcd1c77,0.0,offroad,0.0,1.0,0.12541797673592361,161.77918191406403,2.6930584711050964,12.95290856943326,88.78324406791806,60-90,7.243972933123653,4.425,9.29594561537102,94.5
28621273-20ed-4570-98d1-cd0dcf451fc1,1.0,pass,0.0,0.0,0.9775011480159846,323.3225323995905,1.7375703383999677,10.417200352417037,7.215401922029716,<20,16.407170453023554,0.55,13.435487437766481,81.5
28c58eaa-60cc-4db4-b9cb-9b9b36df4694,1.0,pass,0.0,0.0,0.9655240469447264,42.4360946830574,0.18910223731508696,1.512875683570515,4.842741942620784,<20,0.005035753761489038,1.35,4.376292250173223,62.9
28f20041-1346-4c7c-b76f-02b000c81324,0.0,collision_at_fault,1.0,0.0,0.8975087391727121,310.24657287333423,0.7578955993417984,0.0,0.8866983798554459,<20,16.15527697792532,6.975,3.6851045569682634,42.3
28fda1db-773b-450d-bfec-5538ba5503db,0.378801,pass,0.0,0.0,0.30304091085554014,114.75837438448191,3.8237257133497495,0.7631243029800814,70.68318392926395,60-90,6.337736657617287,13.5,3.0043927203285046,93.1
2902f996-1cdc-414a-a08f-edd94982486d,1.0,pass,0.0,0.0,0.9855848147106101,128.38296902941204,0.4917307712056711,1.325385170608507,0.7465056539000751,<20,6.821012809104949,10.75,3.549363034863416,97.3
2965d3fa-9e84-4503-9dc8-c0769da354dc,1.0,pass,0.0,0.0,0.988986232964758,353.04103639672445,0.9982230596548376,3.808280714804332,7.3017571560114565,<20,17.519365943940034,0.3,6.793878062175021,36.7
297777d4-3ca7-49fd-8d54-b3d784bf70b3,0.0,collision_at_fault,1.0,0.0,0.6262881426705745,100.87447174462078,0.5449671445428371,0.0,7.93448993024145,<20,5.555692928637314,2.075,3.2731875863204,96.5
29aea879-fe4e-4e81-adff-e8aaed8a529d,1.0,pass,0.0,0.0,0.9814455502839516,281.35744031156304,0.15793933710992708,1.2709716397247366,0.6306706952620744,<20,14.263618603594065,6.9,3.6806222929423162,99.1
2a0efada-f32d-4757-9901-88fb8bfb501e,0.966102,pass,0.0,0.0,0.7728818752871763,305.50884507020106,3.236046735971171,9.494099692711112,7.291168597725884,<20,15.088700482501071,0.2,12.660656374413202,29.1
2a412836-cbe9-4e4c-a0e1-302a2959098d,0.0,collision_at_fault,1.0,0.0,0.8467489007158705,379.6843200459694,1.9116391426356927,0.0,3.8628311097789103,<20,17.975323702288218,15.175,3.5301556901932716,60.7
2a47ea01-3cd8-4282-b834-76430b013c4c,1.0,pass,0.0,0.0,1.0054289189714418,138.21870127955447,0.23031395598103072,1.5197329436069469,0.7805688452351729,<20,7.3953681594352645,4.45,3.1087014000532722,67.9
2a882d89-eadc-42a4-a15c-5977361845f6,0.0,offroad,0.0,1.0,0.15972204710312607,170.58580016973036,1.3504743050714176,14.04192501823392,54.49012257357775,45-60,9.019295784166099,5.125,8.17440590795095,64.1
2aa2f0c3-7945-4cab-8b35-bde7d99ee24f,0.971941,pass,0.0,0.0,0.7775527908986998,80.48524831162675,0.5186895654044936,0.0,3.2006427601916534,<20,3.1231356734161264,4.15,2.820351947469347,73.5
2aaad6c2-1080-4028-a78e-8c55adb4ccd4,1.0,pass,0.0,0.0,1.004767236212527,122.38041042639423,0.4637906481203306,6.172899141774999,1.984524849270032,<20,6.123259594248769,1.875,6.752229159147244,99.0
2ab29546-2823-42a7-a5a5-1f59fbe67a03,0.784005,pass,0.0,0.0,0.6272037883964205,98.23961269809749,1.0379692621637826,0.0,64.8888837232215,60-90,5.6131932865416125,3.525,6.052732654273937,48.2
2ae30ba8-80c0-45b3-8050-1c30bd6ed0ef,1.0,pass,0.0,0.0,0.8678863409413431,238.40835943477143,3.024675513688646,28.22680335236031,7.583697810342971,<20,11.947449639166456,0.1,24.337932306088664,62.6
2b4b2e84-cff4-4697-a4b5-ccb706f69438,1.0,pass,0.0,0.0,1.0030814839556825,189.26697504119772,0.4435052915379296,0.5878595779753685,4.439320635095567,<20,9.619313892174908,6.0,3.189993525909482,67.6
2b577fc2-dbfb-4d08-8093-6c48a3d372f9,0.0,collision_at_fault,1.0,0.0,0.07147706568948572,61.95332801551403,0.20548704122807923,0.0,3.0876220621709423,<20,3.2458619848989914,10.875,2.970816469894084,94.5
2b5cab45-ddf5-4193-8be2-ee1a4424e5c5,0.715732,pass,0.0,0.0,0.5725854263305856,88.37365641575843,0.8949177744765361,30.049766138849062,2.4031888789331686,<20,5.059969234827553,0.25,17.002336521042654,68.6
2bbf1efc-55e9-4d87-bf74-0740353e8268,1.0,pass,0.0,0.0,0.9982143086591369,13.355588136524554,0.2442486343565371,1.6371235774039976,0.6358956900742374,<20,0.0017009944926152604,3.525,3.6300053658848572,83.8
2bce2cbf-166c-4a52-a25c-25cfa1269ffc,1.0,pass,0.0,0.0,0.9907246626377358,638.7498833761488,2.411156006748568,7.078187128273956,0.5612228256084177,<20,32.09954289121824,3.05,11.428566728183737,52.7
2bcf87fb-e50e-46fd-b221-01caecb2145e,1.0,pass,0.0,0.0,0.9766504872858044,41.90286030171649,0.15210332422182218,0.5638818758560142,1.0126416751579626,<20,2.4806206739238106,13.825,3.93737682648014,73.8
2bde3a6a-beca-4471-8d22-d660676981a1,1.0,pass,0.0,0.0,1.0057177859549484,22.49054240553421,0.0673716366233519,1.350955932368625,0.5143971441457648,<20,1.5833484286011805,6.575,4.767137661223381,77.6
2bee2c3a-052e-4bae-a520-df77384d2101,1.0,pass,0.0,0.0,0.8058962749019684,193.95874973074532,0.5589763158388961,1.166703682732409,4.0844945638427665,<20,9.869163281058713,5.35,4.361105439925657,80.8
2c1e7643-dba1-4434-80f8-89831d0b884b,0.374946,pass,0.0,0.0,0.29995700075284704,139.13072682236583,4.143996346130543,3.4696906918230055,79.17123554426169,60-90,8.317325816108928,0.8,5.410701055987657,85.3
2c263e19-6fd3-4e33-a76a-308bf4f7641f,1.0,pass,0.0,0.0,0.9995276246422771,95.01511793791424,4.013086741850654,2.583550759183904,15.664720655228841,<20,5.522849712007457,1.175,13.546774369004055,90.1
2c489b83-3987-4133-9975-e5b043e56c1d,0.486513,pass,0.0,0.0,0.3892104845874629,267.61955224048165,2.71124171192501,13.593705481318137,79.32556728019202,60-90,12.773314513020193,1.675,11.898357467661567,92.3
2c84ac16-0b90-4416-b7c2-553b2f331b7f,1.0,pass,0.0,0.0,0.8164823441250779,29.34390065054346,4.148779220787997,1.7489050353575306,85.8705464361698,60-90,0.8157914414813208,5.35,4.772626852246317,54.7
2c9a4206-432a-45f6-8507-98a8648621ca,0.249721,pass,0.0,0.0,0.19977676206694336,189.1701918023531,1.4072302438734885,0.0,30.843358925152867,20-45,10.020240153331502,15.725,3.46455622142451,86.9
2cc38bf3-2d83-4488-86f9-c57c8f89995c,0.526759,pass,0.0,0.0,0.4214072549559959,483.19665457127303,3.2399556937321834,0.0,5.602306206056564,<20,23.91659649165428,2.575,4.722176200365529,87.4
2ce4e533-bfc2-4805-8d31-19542cc17408,0.688884,pass,0.0,0.0,0.5511068430638549,118.07249736221223,4.3292958229881195,1.0155107598935815,95.75134579633969,90+,5.597421629314314,14.975,2.9666669322482204,72.9
2ce64e22-57fe-4d5f-a0ea-2d1825b01ea9,1.0,pass,0.0,0.0,0.986219783906399,93.66278489409885,0.13551329976647616,3.1698213760602556,0.5842383023351605,<20,4.71669471626884,6.4,5.104828080440498,80.4
2d1728e8-10c1-4735-9b0d-e5ac198cf6d3,1.0,pass,0.0,0.0,1.0035226049542354,163.68165584675867,0.5577083081852489,18.33202128463092,2.753133637142781,<20,8.381825476547808,0.275,20.909173993848068,27.9
2d4e8428-becf-4b62-9df0-edd695607356,0.0,offroad,0.0,1.0,0.38718611203117975,348.4642251146926,1.0595302375937357,21.959056639211003,10.766406256771019,<20,17.373109185085863,1.075,7.044235899007673,14.9
2d52ce30-7dbb-45e8-8c48-c61e4b58c36c,1.0,pass,0.0,0.0,1.0034290488284818,110.9479608019815,1.1707891919374005,0.5483425454307019,1.0104428183978487,<20,4.020768453474812,11.35,3.228208454158113,64.3
2e132b04-dca4-4450-ad8f-7e54404fd9d9,0.0,collision_at_fault,1.0,0.0,0.06842314377916368,75.02371618537967,0.9786582101566161,0.0,78.38965023391404,60-90,2.2963354909376164,10.65,3.5150684088762496,80.0
2e3b2f93-a541-44a1-9c0e-d991bcaad261,0.0,collision_at_fault,1.0,0.0,0.9058262758492026,209.88859621822886,1.9613342585004483,0.0,7.911027742966302,<20,10.142548684560554,6.85,3.3089870257508736,88.4
2e4241fc-42fc-497b-a23c-7ed777ced51d,0.0,offroad,0.0,1.0,0.24282248242586507,207.82209338687667,0.3465376066527867,6.100785438275467,2.2493740653925536,<20,10.213480607482854,2.15,6.904569269509655,73.2
2e4b7685-7564-464c-aef8-5d5d307c67ef,1.0,pass,0.0,0.0,1.007014823742804,87.7010684649974,0.27765580872066814,1.169245363410397,1.9578564791210296,<20,4.960678722326813,15.075,3.3651623197672182,76.4
2e9fe627-4164-4e0d-965a-d10c8d131e81,1.0,pass,0.0,0.0,1.0033204234116553,268.17340879804834,0.9196990853417151,5.531520022441874,2.11196858145166,<20,13.41918295095366,1.05,7.275666538025198,84.8
2eaf1872-7780-43df-bdf1-9f48975e6436,1.0,pass,0.0,0.0,0.9555777635411508,546.1250444114401,1.5083060919804707,0.45194333398265457,8.095435385551873,<20,27.306672318908742,2.175,3.837018355436183,85.4
2ee841e9-a7cf-4fc6-86af-ebbb1ffe9542,0.160658,pass,0.0,0.0,0.1285264028557151,155.09255140183672,4.057356256802353,4.845374566340207,78.09093380024282,60-90,7.686947510797551,5.775,3.8254475452544843,97.5
2f227f2c-95e9-4098-a9b1-01d64c697226,0.643454,pass,0.0,0.0,0.5147632194177357,72.1745806869419,4.046559535031415,2.437964183102885,58.23957820876979,45-60,3.826153310379207,21.2,3.2252366518487112,86.6
2f2f97fa-1617-459e-bfb8-a6d34fe0658c,1.0,pass,0.0,0.0,1.001997381470892,708.8403200477562,2.250943658501824,2.022711957044948,4.231636193751235,<20,35.428289799700366,1.5,5.155411041117411,92.7
2f3ed8fe-0d6b-492a-9dc3-1f281e3486e8,1.0,pass,0.0,0.0,0.9594334595522251,64.52411454086418,1.376187712734305,0.17979611205575458,10.715003188651844,<20,4.401716964691183,6.9,2.793794778661469,69.1
2f5e9ff5-a3f8-4c0c-80e1-163bd60ac56a,0.573747,pass,0.0,0.0,0.4589972912628955,94.96740606940291,4.1426839015452845,1.3245702255111231,65.95683802646433,60-90,4.852574936035485,13.875,3.1494244000746674,97.3
2f62f25a-c5bc-467a-beb9-ac67b57572cd,1.0,pass,0.0,0.0,1.0024291367848401,86.29641469262299,1.9191181407565272,0.14381813507747931,1.4913981635103628,<20,5.468315842696269,11.175,2.8319114668609724,77.4
2f8004f7-2f86-4b8a-861b-816a44d0da85,1.0,pass,0.0,0.0,0.9807948484155983,70.97047653464219,0.24737351270644692,2.5838402802994413,2.1127667083942474,<20,1.4713790477772517,3.875,6.872198061223382,80.1
2f8c9028-a75c-4460-935f-0a93c66fb2c3,1.0,pass,0.0,0.0,0.9284199398507832,195.93011276820553,0.6637877840228396,0.3761054838007142,12.096387581809502,<20,9.799771683387704,11.575,2.8620967955393635,100.1
2fb5b2b5-a3cc-43ad-b0ac-995dc7c1cd22,1.0,pass,0.0,0.0,1.0074060221879484,74.52664230739819,0.3612889535975314,10.965077988477814,1.4660414013203922,<20,2.3308445807509246,0.575,13.611778462335177,76.1
2ff0eef3-fdb9-4334-8096-1df3c4cd86f4,0.264627,pass,0.0,0.0,0.2117013088609409,175.17449749752677,0.22186119010079608,0.0,54.53971613681709,45-60,8.931614792892848,4.15,3.5010275181867,96.7
2ffb6b0f-5239-46a4-ab30-6d2906f22f65,1.0,pass,0.0,0.0,1.0071910379631461,121.88690677880226,1.201559723421596,0.00661028869943893,1.0349278406323827,<20,6.367423439396103,7.925,3.126513491067737,83.4
300157fe-f27b-4e8d-af9a-b4f5724abccf,0.866975,pass,0.0,0.0,0.6935798206094224,178.71682310496894,4.053711049882194,1.9035252136286946,69.06541846941154,60-90,8.790646108450204,3.975,3.624277361814713,55.8
300465f7-0025-4f39-ac20-9f0eaa36ea68,0.0,offroad,0.0,1.0,0.8590071136786306,106.36729916303896,1.6008246057097495,1.0589708906170403,133.1769556211119,90+,5.568442527234701,7.3,3.6720290243246665,84.5
302c5c99-2762-4f5d-950e-1122f3e7c20a,0.269048,pass,0.0,0.0,0.2152386398856051,161.09644834989217,4.101852050798561,5.90427251874469,158.96223291881384,90+,5.1156391310724505,4.65,7.396212262826377,84.7
3057d8e3-04f2-4c81-97a0-ee7fd5c7ed0d,0.93207,pass,0.0,0.0,0.7456560303034729,142.55611840225313,0.29088763480387675,1.9332822736336694,0.7072212774571592,<20,6.97443914881468,1.375,3.560056514651555,71.3
3063e706-131a-476a-bc02-6b646896c6a7,0.0,collision_at_fault,1.0,0.0,0.0679340650364003,200.84300872693967,0.7753728464849279,0.0,55.49597600936679,45-60,11.124645947583266,2.625,3.007009197403038,59.3
3080d0eb-830c-4035-a7a4-393ae04556c1,1.0,pass,0.0,0.0,1.0026265233088927,350.0862538580707,0.7203364099423963,0.9990768116708649,7.001347432797158,<20,17.605755744923172,1.35,4.569889601781725,72.5
30930c26-2bb3-4f0d-8741-4e02ada279dc,1.0,pass,0.0,0.0,0.9872723140130013,51.08847248021483,0.9711355384196535,1.27839283979891,11.496241644388387,<20,0.33748847956594463,0.0,46.30180676587321,80.2
30afa2c6-48f6-4473-a8db-5430e1e88584,1.0,pass,0.0,0.0,1.000130583181493,22.32441804438656,0.43376981389346336,1.0922168176159412,0.4749068313158392,<20,1.429160966906132,20.125,3.400267816211942,57.2
31032a73-3e7b-4fa4-8559-b0c9fe030f0d,0.0,collision_at_fault,1.0,0.0,0.6583284365804148,149.59231804107915,1.2564005102646896,0.0,6.114332349082215,<20,7.438445071893589,3.025,3.6198383330857395,45.6
317fbc5f-bffa-4c17-b143-f214d9453d8d,1.0,pass,0.0,0.0,0.8967614575274154,182.60941040546234,1.6338271327227512,1.925145897142976,18.832567887292587,<20,9.11347035655461,7.3,5.392614323663309,90.8
319750b8-9f09-4245-8092-4486f6c28d85,1.0,pass,0.0,0.0,0.8565068536095759,98.79079388103374,0.9195251822382937,0.9022132314128121,8.238125522105957,<20,5.010328377876969,5.4,3.122347736494824,76.0
319cdf0b-0ce0-4437-9eae-903a0c129c12,0.0,offroad,0.0,1.0,0.21665350136746417,210.977002717601,1.0526543807656787,26.63344066929791,46.69786945056094,45-60,9.485153186248171,0.0,31.732095209422962,27.9
31ae8f1a-7a39-4c0d-a22a-e5931129e2eb,0.113493,pass,0.0,0.0,0.09079411139349834,276.0284586405031,4.004354513631653,21.964310507905207,72.9971968436949,60-90,15.314782658856059,0.225,15.684483104171463,68.9
31f78fe4-abe4-4966-88af-0d857d1d2c21,0.522541,pass,0.0,0.0,0.4180329145282112,257.5648490232993,1.4190815833565174,0.0,6.131976196179175,<20,13.00580876722745,10.025,3.601554036565982,69.1
320846a7-36f8-4001-8964-26469a901d78,1.0,pass,0.0,0.0,0.8929995711363016,70.6246864771614,0.5033130290375982,1.5246207302967965,30.75220344546822,20-45,3.6423021045707635,8.875,3.377297206991425,87.3
3250c8af-5afd-4ba4-ae46-3cd62ae7b5db,0.328293,pass,0.0,0.0,0.26263438451336235,178.50883972378733,1.1587265925858792,0.0,53.98621931789054,45-60,8.484975658220815,5.575,4.21186383275274,93.3
3259c4fe-f663-401d-b0a8-c7e944bcab8b,0.0,offroad,0.0,1.0,0.047866791703094394,138.74836646032477,1.3443258825689866,10.76823728653394,82.97923019487459,60-90,8.012515273347436,3.15,2.672728275960546,77.0
325a6911-8ee8-4a04-8b84-55dbfcada98f,1.0,pass,0.0,0.0,1.004226503545666,89.43225268165804,0.16013964967234637,1.6092124535266001,1.2474034233372686,<20,5.140479814713997,10.2,3.2794056305463224,91.6
3264f6cd-8593-42a6-95f1-ab223886636f,1.0,pass,0.0,0.0,1.0047456869760523,75.76049917341584,3.4634979200321543,1.5393584968993135,39.15064963298574,20-45,4.445124982554288,2.125,5.066461853424228,68.4
32775c67-f965-48a1-9736-a5e29f483c7a,0.0,offroad,0.0,1.0,0.34194582020014375,540.8590560292245,1.439575787069811,0.4230725805556328,27.419420861378985,20-45,26.555791842061726,3.225,3.4129924731037447,92.3
3294623f-68ef-44aa-a233-49d8fc8e80a9,1.0,pass,0.0,0.0,1.0034037921473982,240.30930522787705,0.5568684127043938,,2.63399075085182,<20,12.128326853440662,0.0,166.1209479722749,38.2
32b166e3-7a47-48ed-852c-1548d39fdec1,1.0,pass,0.0,0.0,0.9501685569752186,212.81723422863354,0.5603240709316454,1.646698792222841,3.8921526129284585,<20,10.923559495566549,0.25,4.791897944855073,90.9
32be03e4-a072-4da5-b597-114cffa52af8,1.0,pass,0.0,0.0,0.9553498912503421,727.559949961944,3.2268133773481664,2.8461984774549753,2.7220833260435655,<20,36.00620959609158,0.65,5.387750974626539,19.1
32e61f41-164d-4eb9-ae60-4ed04edf6f61,1.0,pass,0.0,0.0,0.9389547572271193,300.15046701307546,3.9040648555095796,0.46690174506957455,13.026168419973411,<20,16.714511746304172,5.475,6.156946257031977,73.9
331677ed-73ac-4820-b870-747d11286ce9,0.087294,pass,0.0,0.0,0.0698352379206782,166.6548709043654,4.01614301887183,3.8155369109216544,78.69474790483318,60-90,9.462632818641099,22.45,4.534301420726658,87.4
334e7b6e-d6d5-4da1-8790-46987d9e6fc0,1.0,pass,0.0,0.0,1.0026220036038767,545.3810929031382,3.574452165020546,1.9539158910351109,3.082950483433979,<20,25.869813307623808,4.15,3.9199967230470807,79.0
33a95264-5147-4848-b8f9-eea4d1b32450,0.45134,pass,0.0,0.0,0.36107232157761004,112.13061010740574,0.05190919769891856,3.466021844635063,33.44635401978383,20-45,7.174138445387804,1.65,3.973842791402408,87.8
33c8976b-fbd4-4e92-adcd-e69949d69b14,0.0,offroad,0.0,1.0,0.1171714296487246,114.37119074951951,2.343072797765582,9.346263030804451,56.24316255417692,45-60,5.960791267005035,0.45,14.803538355760935,69.9
33cb3ae6-5cb8-4e96-8214-7633033ec2a1,1.0,pass,0.0,0.0,0.8907182170238742,204.60923489794706,0.7509688070465808,7.356445234673891,3.0173495362396245,<20,9.566856124180187,0.625,8.583962483146326,66.0
3416c63f-a0ca-4557-ad0f-8c8966c94148,0.0,offroad,0.0,1.0,0.2993126882502958,231.27183514916086,3.536690629569612,4.726629986896473,29.47075321602464,20-45,11.35912695239094,12.35,3.0122197612834176,64.7
34226720-8869-4f9b-ac91-76bdc4f80afc,1.0,pass,0.0,0.0,1.003609423294672,252.08573642069774,0.40058505227317054,1.0852360641484986,8.714216679737042,<20,12.418888982926305,6.25,3.5420714873218873,87.5
34749833-a005-4d71-92c2-362ad095e1f5,1.0,pass,0.0,0.0,0.9444638690673878,203.13069000149088,2.248898374720912,9.926392361999653,3.3000109895807923,<20,13.3993763447448,1.05,14.504815487568443,45.6
34a72050-661e-46b6-b3d9-1a0ce79278bf,1.0,pass,0.0,0.0,0.8380598713223343,199.83670234858224,1.303588455434782,0.2354032414601571,19.407780128603804,<20,10.346254764369775,11.425,3.354054964207376,81.0
34f76732-139a-467b-a4f5-4d881add96a8,1.0,pass,0.0,0.0,1.0013298064396174,270.9286627480788,0.5468052553133688,1.9066132166576069,5.971511783141152,<20,13.616230328594845,7.2,4.351132641442242,93.9
355045f7-e540-4690-bce8-4f4a8d0a87ee,0.421071,pass,0.0,0.0,0.33685663520772663,225.84217726763234,1.5082503471739284,0.0,13.925714151801715,<20,11.215550471439567,4.775,3.0207097165375343,68.5
35591496-5739-463e-94c4-3a0824305da1,1.0,pass,0.0,0.0,0.9318291014308514,195.47771448519123,0.630808415012124,11.574407938906516,0.9611425162863234,<20,9.82645353182377,0.575,12.145627897324237,34.3
359e435d-f85c-4f39-9cca-e99b94bd7de7,0.801173,pass,0.0,0.0,0.6409380012545621,197.57973044829794,3.9434502947539953,9.584677382047023,33.27551149002978,20-45,10.278746901994682,0.45,16.48686458338016,23.5
35cec769-9f45-4b14-a70d-b8778732ce0c,0.81131,pass,0.0,0.0,0.6490483007308796,91.0810539374976,0.35780916839509713,1.1669707421656812,1.1499232949955958,<20,2.6865360413967383,5.675,3.0784470464242095,79.8
35cff947-4fe9-41f6-8071-f4146706fe83,1.0,pass,0.0,0.0,0.8765699181819638,113.48997082857657,1.2280229844930133,0.4447147936792002,12.631369600074564,<20,6.022867598116096,15.95,3.37823755581762,48.8
35d707e1-856e-4037-8792-060d46506889,0.0,offroad,0.0,1.0,0.3174942961502092,154.41582539759673,2.947756044711194,10.574970211784153,30.12180892298829,20-45,7.737781229866544,4.6,3.9051781495208013,97.0
35e6aad1-ef53-4a05-b211-6b76f916d205,1.0,pass,0.0,0.0,0.7515934314913169,0.0014727802154473305,4.410179972728944,3.014483534392095,0.007579344672624866,<20,8.314709116211109e-05,3.05,4.823657478845917,75.5
36444635-aed6-4f44-bd1e-105cfb15a4b0,1.0,pass,0.0,0.0,1.0027879297941558,293.0185779429928,1.8226943354143166,1.0692059007763686,1.5836131019058355,<20,15.001423804811408,5.0,3.736569963143808,86.2
36626308-fe08-4180-abc6-76ef1fa1cb39,0.0,collision_at_fault,1.0,0.0,0.022023535497746733,100.4867657415331,0.18634036837365542,0.0,9.24089874151775,<20,5.984935625061744,19.15,2.645966873815719,74.6
3674ea3d-0350-496a-ab5d-ca234f2b968b,0.0,offroad,0.0,1.0,0.5699114450070223,131.2952080963587,1.1515212950998408,7.046800040635955,95.01731056496995,90+,6.1590795582536435,0.175,8.564380514079998,84.0
36a2ab7f-ef6d-48c3-8975-1250e2524a02,1.0,pass,0.0,0.0,1.0027639133602229,358.7951753310519,2.733913813860792,15.175901469193576,6.402329274213838,<20,17.968025200733724,1.475,20.059513072285934,56.5
37113280-a033-4be4-afdd-cb199299e028,1.0,pass,0.0,0.0,0.926155915671585,137.75803509615355,0.7141103944939929,0.2653633922307396,0.8415556518728637,<20,8.164901479524525,8.325,3.09448332231707,89.7
37267559-c70a-438b-a759-545cd4484de4,1.0,pass,0.0,0.0,0.897392344099296,475.66024418026973,3.519429238982997,27.192880393982023,14.428823580560904,<20,23.92815733175574,0.025,25.30084692783554,40.3
3764254a-8653-437b-9ad7-667778d0524a,0.420477,pass,0.0,0.0,0.33638138365346576,296.2906268601962,3.259763197242311,,168.46061324138287,90+,16.40668690699003,0.0,108.20248920545104,21.5
37a5516d-4080-49ee-b0ae-33c4dbf4d731,1.0,pass,0.0,0.0,0.9952104647736132,307.68026923597154,0.24095795081429147,7.314328843920702,0.7527621709530621,<20,15.380399503647611,1.925,10.568391526225586,80.0
37a9fc2d-9122-4b96-a4b4-fbe5c242d074,0.212409,pass,0.0,0.0,0.1699269661389744,223.16338659409888,4.092673235361035,23.31212865142684,84.07449078152398,60-90,12.297025751410688,1.85,23.457163918921736,81.4
37c64595-d4b1-45ab-90af-4076cada161d,1.0,pass,0.0,0.0,0.9277504325334527,103.10333200807965,0.32349095017232055,1.6162385958278978,2.1390240255634376,<20,5.34233689444995,3.5,3.8892348610860803,90.6
37d060d6-1628-434c-8e32-97faf9cdcfe2,0.0,offroad,0.0,1.0,0.12609508092022065,59.12929331408913,2.7618841404638617,0.07871819602099812,111.74821506318878,90+,3.35638605786804,3.425,5.958349713950068,47.3
37d17fd8-9aad-4b36-ba95-17da899d9f33,0.984524,pass,0.0,0.0,0.7876194798247459,160.20057829089367,0.3278052812615214,2.2194667824945564,10.00532158925916,<20,8.609466055986715,1.025,4.427646167666227,70.6
37d660b1-8abc-4a24-8778-94ca50a268c2,0.609643,pass,0.0,0.0,0.487714275701222,179.8258859567326,3.670614332280753,0.0,79.0595457999932,60-90,10.801853256846227,15.25,3.3610126837780543,69.6
37de46e2-c930-4c23-bb70-a393986f7fa1,1.0,pass,0.0,0.0,0.9899856145693575,123.59641181128934,0.22382722422010418,1.9732213810055481,2.9623203168772556,<20,4.94615579347907,15.25,4.023073173013506,91.5
37ef2c67-ab41-4da6-9f55-96ef83e0f49f,0.76797,pass,0.0,0.0,0.6143763239533949,36.647534669537926,4.016429483654329,0.18202910423158206,79.29456650956861,60-90,0.0036109126416266598,16.8,2.849979760284417,92.9
37f45f87-dc3b-4425-a388-fa7bfa4a11a6,1.0,pass,0.0,0.0,0.9304065295188643,240.80469236501642,0.5083932291846915,5.3233165926282595,1.009243666656512,<20,13.156975129857672,0.825,7.9796289342084625,17.9
3826e7f4-3a86-4304-b3c0-ae446f1de69e,1.0,pass,0.0,0.0,1.004486411282364,70.07633217984116,0.9433112687285182,1.126077403352448,0.7525129049648475,<20,2.6867134409567877,9.125,4.1221418998217025,37.9
382a7247-1cfa-44ec-90aa-509d9d585b78,0.0,offroad,0.0,1.0,0.3395904674555059,167.46257648648407,2.2948033782876682,1.7724712121598327,77.88419254030813,60-90,8.556383680310908,6.2,3.7887736752887378,81.8
384bad4c-f8e9-40f6-810e-9248abf1e10a,1.0,pass,0.0,0.0,0.9637789083085894,61.557574055313665,0.3771505908915214,0.8667384705472331,4.08962638836855,<20,3.098896535708651,14.525,3.3305970365351816,70.8
3897cbd4-45b1-44e8-9fe5-8297f6f9bb17,1.0,pass,0.0,0.0,0.8464067354080724,119.61164889835788,0.5006148834143652,0.4882266896522053,2.741059133143585,<20,6.75730862333109,15.325,3.0052417401918374,63.3
38d78b19-03c5-4918-b21b-e1abc4547896,1.0,pass,0.0,0.0,1.0067643808577473,97.17146586628722,0.9638370204458849,1.4294522658532007,13.742002782255515,<20,4.9472866955086765,20.275,5.380907596799999,82.8
3948d3e6-fc32-4a96-a590-7c6db2470a06,1.0,pass,0.0,0.0,0.9566605727656726,168.6189203843543,0.30367632539200673,1.954902314744862,1.5532640922510939,<20,8.321851035058083,4.625,4.010536855102706,68.5
395b7b6c-4e8e-4b99-b268-87113fec9b2a,1.0,pass,0.0,0.0,0.9491455771368964,119.96677248035292,1.610651448273943,1.970197785757246,1.0542692741770978,<20,5.238148352454645,14.425,3.3858222846465433,98.5
397bcd5e-e13b-4a5c-a77f-c8a117a2b7f7,0.0,offroad,0.0,1.0,0.9959528209444197,273.2195054068117,0.33713406237458154,3.762395204304664,1.266486337259352,<20,13.764751719344977,8.175,7.52548911890073,78.8
39875322-9804-49ef-afe2-93719b034d37,1.0,pass,0.0,0.0,1.0034029185245217,247.9247904601077,2.0488271089666874,2.5712323720893817,1.1972994599585984,<20,12.347535120614186,4.425,4.550473044877833,72.7
39b6115a-a221-45ea-8faa-3dd98b772058,1.0,pass,0.0,0.0,1.0043023557114346,111.11514645288811,2.907129878950748,0.8419416010571062,61.12984723333604,60-90,5.208809632481189,3.8,2.863353873114119,35.1
3a107de6-a55c-4f0a-81aa-e9af966f81d2,0.600465,pass,0.0,0.0,0.48037232797875035,737.0148230739408,3.2654919194416805,0.0,3.069026401082163,<20,36.41142327188428,3.875,4.70467555398942,30.8
3a316bee-8a51-47c2-b814-ff37eed2ce78,1.0,pass,0.0,0.0,0.9270752373240402,92.56150150595077,1.4233546735052587,3.421944945667816,37.27008013283633,20-45,4.2621834581048255,3.6,5.161918882526276,71.9
3a42e0a8-52af-4c18-a676-40c34186e686,1.0,pass,0.0,0.0,1.0032441529676093,475.5920872474452,1.7362369656432697,0.9047207905127752,8.175473420742776,<20,23.75328578128806,2.075,8.927995586744698,90.8
3a48e906-2733-4fc9-b687-6b2ed33defec,0.914808,pass,0.0,0.0,0.7318460947151674,162.69017494357539,2.555471491905216,0.9492522533839429,82.9396798897286,60-90,7.430300774258944,9.125,3.482197203700314,82.8
3a9824bc-0e4e-491d-b848-81babda68457,1.0,pass,0.0,0.0,0.9549773746861588,90.20194823871189,0.4978381377346095,1.9847307789964839,13.609952671665408,<20,3.32466806305132,6.75,4.040978187335652,39.0
3b6078dd-9eff-4269-8afc-3432e2d4729e,0.0,offroad,0.0,1.0,0.7169253202737654,272.54375305115894,0.2752155948361079,39.01142272460145,4.540482669747514,<20,13.621882796303286,0.65,5.728458068452767,94.3
3b6a7ba3-9fca-428a-8fbc-8c4e44cb4c4d,0.255188,pass,0.0,0.0,0.20415046838493328,169.90820067571997,4.201959194429231,0.5842787879293158,73.98005901715564,60-90,8.588243859494996,9.875,3.1681862033218717,92.5
3b9d9d7a-5c8c-4404-ba4b-34264b476925,0.235244,pass,0.0,0.0,0.18819547079696367,418.558491396055,1.1337231142134374,0.0,35.552634407777134,20-45,21.283027451095702,4.45,3.9924642167477256,95.2
3bc08389-ee1d-4d19-8c9d-322182a2eb3e,1.0,pass,0.0,0.0,1.0027291786781738,181.60065894916852,0.6225727811432107,1.6292539645174315,1.2932952686460515,<20,7.802584172595658,10.5,3.4907821708836484,71.2
3c1fb774-ed71-48c6-a7b8-daa527810de0,0.287317,pass,0.0,0.0,0.2298539352077485,327.40465834437526,1.8938470138200698,0.0,38.72906125995913,20-45,17.134231730567492,1.625,9.335475746461073,88.2
3c2822d9-d103-46b9-b18a-8d30ea8e056b,0.0,offroad,0.0,1.0,0.17437785680963802,109.75087793742622,1.4485363771110364,16.856977167792287,85.51217875226794,60-90,6.652355455474128,4.125,2.8022126576303488,68.3
3c292d83-970e-4c9b-82df-90f5ad9e7379,1.0,pass,0.0,0.0,0.979631533885498,519.8229659114594,1.8150017748522749,0.3936645316885363,0.6358359624908881,<20,26.11426320383217,5.875,4.297503671757124,81.7
3c339c15-0cdf-46a3-8faf-d387ee43ccf1,0.0,collision_at_fault,1.0,0.0,0.14703343638685792,35.493905527430144,0.006842232867161696,0.0,0.6847809090706232,<20,2.067710671228857,6.925,6.47905353482423,101.3
3c91d836-ede2-4e15-9f34-5b7ebe0b1c0d,0.589758,pass,0.0,0.0,0.47180674330650835,329.9790336834393,4.011782317661906,0.57817106530406,28.679921001790948,20-45,15.642528284886682,0.325,3.646535770707961,77.2
3cc29c99-7396-4c53-a919-5970207155ce,0.357407,pass,0.0,0.0,0.2859258111260776,260.60810346256255,1.1111981357818805,0.0,67.84559954755835,60-90,13.541107863189778,0.4,20.61066955868654,93.1
3cd82dee-d715-4152-a696-f49bc0e98dfd,1.0,pass,0.0,0.0,0.9043548775688648,52.635260220406096,0.545449459758099,0.927220241112511,0.4749978585630495,<20,2.5805084090038846,13.775,3.6453195274891623,85.4
3ce13eed-f97b-4c37-8716-a590569fab77,0.268705,pass,0.0,0.0,0.214963971050612,114.43313306372887,0.6672445242351196,1.211785842624669,69.9123886615884,60-90,4.335779495552527,7.725,3.1045425671284868,88.2
3d1d39e6-7845-482e-8f96-8c8ac23bda45,0.518207,pass,0.0,0.0,0.41456520449613665,214.8962981586238,0.2835952403927246,0.0,22.594840383132542,20-45,10.76432529472811,3.05,3.4709267377552417,99.9
3d31d122-c1fe-46b9-bcc7-9e8c6c93bd7f,1.0,pass,0.0,0.0,1.0031571422632728,660.380493005687,1.428065118456525,2.7739798261190587,4.878863333872416,<20,32.802971220284974,1.075,4.398117519190921,46.0
3d6a22f7-daa6-467e-b40d-ed9099063025,0.224544,pass,0.0,0.0,0.1796350061963772,75.6109133150029,1.3542991068728931,0.0,43.84259957525182,20-45,3.800968736684409,6.9,6.072262404661523,73.7
3d8253d9-9382-40e7-964c-5cafa6f24efc,1.0,pass,0.0,0.0,0.8623587534264533,652.7391968193846,2.188391414728526,3.0566197583262937,4.043245203832118,<20,33.38884902422096,2.75,3.6169567660868154,88.6
3dbcdf90-5dc0-4797-94ff-e6bdf47adc14,1.0,pass,0.0,0.0,1.0036673623907855,485.85156390140634,3.0026432061892665,11.580652017339824,1.982555874604629,<20,24.794957578546565,0.675,16.250465062757044,22.9
3dce1d04-33f0-421e-958e-4704247e4c98,1.0,pass,0.0,0.0,0.9467347522732792,491.5821064657262,1.9368050485619688,1.8494347456026308,4.621271187473563,<20,24.10448855568471,4.65,3.723336881117834,85.5
3e265bc2-2a8b-4c5c-8e6b-1de009b6672d,0.815117,pass,0.0,0.0,0.6520934233947737,105.65876413423943,1.7834992269198975,0.0,92.2335244482198,90+,5.444797000295477,2.25,3.830219243729822,95.2
3e455540-6812-4dc1-be7f-9ab8395a69c2,1.0,pass,0.0,0.0,0.999560423118198,102.63354234843732,4.7523127567635655,31.77969992020847,2.0703929954403315,<20,4.762900826886161,0.0,40.31307802544428,54.9
3e88d7b6-c037-4996-9932-7d01fe113b07,0.2334,pass,0.0,0.0,0.18671967597335185,178.2379183090798,4.052071691956291,0.8391008100445108,77.47006406597586,60-90,10.617321455006033,11.85,6.894798337345576,78.5
3e9966a3-c42d-4fd1-b588-6f5cc02b7c25,1.0,pass,0.0,0.0,0.8972367488722335,161.39676599936496,0.5469711819622656,0.6106864225597718,1.6201795866522217,<20,9.839948326038927,6.875,2.8333828416814577,40.0
3ee65034-1980-4180-b092-aac471402463,0.463637,pass,0.0,0.0,0.37090949986027705,546.2069490205696,2.1485170392013013,0.0,0.7464932373744945,<20,26.455530172324423,2.625,3.477272220880531,28.9
3f38239f-8685-4a00-9944-ef1624d46ceb,1.0,pass,0.0,0.0,0.9999317071147541,73.75148851758486,0.8758832099310454,1.06257412025782,0.9375289742355221,<20,3.822811536598757,2.725,3.5259874634621693,86.3
3f3a65b1-5534-4b69-8d2a-f5f441f209ac,0.398878,pass,0.0,0.0,0.3191025389993122,626.9721491733022,4.070488163098885,0.7308360441177777,5.681242876623304,<20,31.198917256164258,2.7,2.918838930825767,45.5
3f4a9496-3ee6-407c-acf0-dff2463ec145,1.0,pass,0.0,0.0,1.0039094027318556,90.20561486337432,0.2890303498829359,1.1065481779294564,0.6680009297313637,<20,5.0001229739220205,19.575,3.225015373069694,86.3
3f4b238e-03dd-4e04-8092-18785266f7b7,1.0,pass,0.0,0.0,0.9425851188038508,33.457346224247864,0.13663281105769368,0.0025781710658125995,3.4555036695980665,<20,2.2502311308584186,12.6,3.2717331352939216,78.3
3fa23d78-93a8-4bf3-a5e8-ffa1f9073126,0.831007,pass,0.0,0.0,0.6648056301565173,610.9444927642796,3.979155969369562,14.12229451275065,3.4147989178477594,<20,30.712528380190793,0.425,15.07206190056689,18.6
3fa5e06b-22df-4c1c-9ed2-4ba3ab06e7d4,1.0,pass,0.0,0.0,0.9613347987786383,711.9224483950854,1.0333648862688498,105.53854011747066,0.5904693419245183,<20,35.531706451747816,0.0,108.52467706949538,17.3
3fa7ce7c-5124-4fb8-abcd-30fc122b5232,0.0,collision_at_fault,1.0,0.0,0.16031844834214723,87.20237407865956,0.730579298881328,0.0,0.6174821986103076,<20,3.6719269688769116,9.775,2.9445958384117312,69.7
3fdef07e-97cc-4e33-8177-93753f142bec,1.0,pass,0.0,0.0,1.0021183502996955,451.03055119994866,2.300565537143379,1.8667725190621425,1.9383699757824413,<20,21.681176713718745,3.175,4.4666321075487065,85.0
3fe2bac8-5502-4626-a8cc-b52d644c7da5,1.0,pass,0.0,0.0,0.7155024460029994,0.18450868713560192,1.2686085654532928,2.0940896811964396,0.7051003669347405,<20,0.00042089550276306665,8.85,3.0313268511534357,96.2
3ffad395-dabb-484e-aefa-ab29f411d12c,1.0,pass,0.0,0.0,0.9633853496329893,179.03370326953376,2.676437018206652,0.8648530433910151,19.649780439548916,<20,8.993951308135701,8.3,4.401827854365354,93.1
3ffd7a2b-641c-453e-ba00-58809ae3c103,0.552438,pass,0.0,0.0,0.44195008699681726,76.21782805735369,4.0168919447344775,1.8670782483149568,52.308859671708966,45-60,4.075284806962045,10.1,4.09372054822706,78.0
400aa790-3055-4d4b-aba2-e89834928fb8,0.915605,pass,0.0,0.0,0.7324843733543595,210.03192035915,0.6353841717867887,12.586807094331878,82.50645257177926,60-90,9.430413427100971,0.5,12.72515061881606,17.3
403d558a-788a-4c46-a525-d8faabc9c417,0.661266,pass,0.0,0.0,0.5290129201034495,79.54776084217822,4.182407854944169,1.437572918373392,87.71535954494388,60-90,3.1550426512732557,17.7,2.9285377712985303,94.8
404541da-5297-4c32-b0af-21740de150b0,1.0,pass,0.0,0.0,1.0023347226509896,141.38858784803702,1.8683204971966967,0.1648410431715904,6.022693103180071,<20,7.249670682594138,6.45,13.939071940041359,82.2
40ded62f-e5ce-4844-9d01-9d0cc7555159,0.962404,pass,0.0,0.0,0.7699234695921734,270.63618497751315,0.47179865475431276,19.959220108442324,3.0079042832320644,<20,17.871420262031247,0.4,5.373566969199175,75.4
40df3716-4c4b-44ab-9f3e-b70ef7567527,0.0,offroad,0.0,1.0,0.5310370435253299,387.29421207537723,1.1764965319120502,3.6698634521925517,24.352485796258627,20-45,19.380717433236008,0.275,4.471827689523288,26.6
40fc64e5-b2ce-4f35-ac58-ecd3f9964818,0.631826,pass,0.0,0.0,0.5054604180710348,154.37933446762202,1.4684838445442572,0.0,44.6767230695564,20-45,8.453316195355034,2.7,3.356299748718838,86.2
41424eff-22b8-4b7d-8cc9-3197c3dc2825,1.0,pass,0.0,0.0,1.004192203623688,379.47878080151213,1.0653913125627268,0.7718506034444004,1.0779016649080668,<20,18.443665400214773,7.85,7.873705658636501,77.8
415e950b-f30b-4686-9b29-66846c8ad043,1.0,pass,0.0,0.0,0.850534403660657,250.25248892765833,1.7447108432085765,4.482200493703023,11.879201001971458,<20,14.846914074589089,14.675,3.8632212346946724,81.1
4176f31d-dfb3-4af2-93f3-2ac1e41092cf,1.0,pass,0.0,0.0,0.9119452185741339,52.67180408492054,0.6695432232376844,1.5934747974414216,1.6440128435979982,<20,2.405706536677905,6.8,3.5880890291021204,94.6
41bb5055-ba29-4656-9238-aea42e58ccb5,0.0,offroad,0.0,1.0,0.5603335736921904,218.9784147586701,1.137989616313751,7.251064366641629,55.79617987812769,45-60,11.110929728554531,1.75,5.644430682080879,56.9
41c06176-96a4-43ff-b5fa-baaa3a8fd8d0,1.0,pass,0.0,0.0,0.9958420090732477,9.803419616339552,0.741509004628005,0.8897419990406314,0.38400757319837386,<20,0.003553627360183876,14.225,4.8787466923043965,94.1
41d714e0-3524-4f96-a05c-d15337a083fa,0.0,collision_at_fault,1.0,0.0,0.4609274137587944,158.8595397948668,0.850238951458321,0.0,1.2895910059908504,<20,6.576010179267359,12.4,4.428353075246756,67.2
41dadaf2-5c40-48d4-8b15-b3ca2b9f398b,0.911061,pass,0.0,0.0,0.7288491113191959,366.5324455076823,4.050081338447845,2.1362751624836473,3.681422649194382,<20,18.520514282742585,1.725,3.7154734723225675,81.3
42a44314-739b-4d5f-9bbe-a960bec36277,0.445193,pass,0.0,0.0,0.3561541293479606,68.7949032823305,4.335321044798737,1.2355375350502362,69.5316545557504,60-90,4.580472576730447,1.3,3.378244326506537,70.5
42b261f7-4799-4528-ac87-5c696f900dc4,1.0,pass,0.0,0.0,1.0032647746800558,348.35673409871094,0.9885166131526909,2.0133870379509737,4.847037719320962,<20,18.005192764612588,0.55,5.690756635780637,22.7
42f8d82c-1c8b-4949-a63f-6c1c96bff3ee,0.116487,pass,0.0,0.0,0.09318926678391568,119.50148572389202,2.500124002601359,5.2473828344120355,84.83914502336374,60-90,5.8218638816930435,0.9,7.692326766107952,93.8
43b053e4-ae10-4b88-8338-6f108cfa805d,1.0,pass,0.0,0.0,1.0001307070495324,724.0161605901161,2.3893422053452418,14.128792544525032,1.1844669956886194,<20,35.88394458081361,0.55,11.532793814423538,13.0
4411c098-6920-40ea-84eb-e136cd89950d,0.30131,pass,0.0,0.0,0.24104782977860695,356.0395980248061,2.1891770181212,0.0,24.85490420486024,20-45,18.0168002266832,3.025,4.278215358882042,90.7
444fca69-1f4c-47d2-8a21-ae6c11250b18,1.0,pass,0.0,0.0,0.9862474669920254,104.82074079655125,0.7420322691157535,1.3516916089563984,1.3015427729087006,<20,5.929652837175073,3.3,3.718453217658323,52.9
44c3b4d5-de26-4ba6-b748-c3a22730a717,0.0,offroad,0.0,1.0,0.5835561398563447,98.51682577872519,2.1458847155611394,1.3512062031620662,49.59987990901546,45-60,5.898582737146872,9.75,6.166705072148672,89.8
44d530b9-016f-4d5d-80ea-b78958d1f502,1.0,pass,0.0,0.0,0.9587732888354394,382.7974246696075,0.6384168277008179,2.5304382668265584,0.813740048590757,<20,20.14672833270987,1.325,6.740053352750194,24.2
44fdaa0f-373d-439c-bcbb-4d748bcb5bda,0.0,offroad,0.0,1.0,0.36984145517914585,273.7192086488738,1.5366293913844447,6.388908520364309,38.74048515422864,20-45,14.03143030613081,2.275,6.096866478496742,33.4
450d5c8d-ed6b-419e-a995-6e707a6fd83b,1.0,pass,0.0,0.0,1.0023057678632517,418.1261266086121,0.9856071704227881,9.410202659088311,0.4083446209958664,<20,20.88011345685608,3.95,11.55493728824055,64.0
4512bfd6-59c5-4b75-b2ff-a21b69ffa4dd,0.0,collision_at_fault,1.0,0.0,0.34126734995581026,275.69332715869,0.887636074336544,0.0,25.84712984731271,20-45,13.423709984048308,3.175,3.372631050984411,44.2
451cbe44-d2ac-4deb-8ae7-3dfedda42042,0.0,offroad,0.0,1.0,0.30141837702887153,39.56383834834661,1.102642434718589,2.162227576277927,65.65275611882564,60-90,0.6553549761336265,18.6,3.8594365604304826,68.8
4530d50a-8c39-4929-b55d-ea657d5e863d,1.0,pass,0.0,0.0,1.002908601366579,193.88186980050511,0.9883325180196525,0.8333751825632355,0.5708050722092004,<20,9.686059421118296,6.525,7.317623839996624,66.8
4541cef6-f424-4090-8ab3-1ead9616902d,1.0,pass,0.0,0.0,0.9820140139333888,67.6532574781793,0.2554964434373162,4.047449413326557,4.228122114298405,<20,1.0631473636559872,8.925,6.269574551278685,67.0
454a378b-8594-43ed-97d7-c7845ff54125,0.580512,pass,0.0,0.0,0.4644093769423275,117.0558104539358,0.290962568134611,0.3765092452083478,77.08438031847788,60-90,5.616678391437979,8.5,2.7289918213597373,87.7
45727fa6-6f3b-4a4c-a7d2-0e1d35328a7a,1.0,pass,0.0,0.0,0.9960971410266874,62.73549902862977,0.2537501758018905,0.7705834351305734,5.3271139444947115,<20,3.4049828550586922,9.35,3.539601294005975,79.0
4587c40f-2452-46ae-8d32-3fe88a386982,1.0,pass,0.0,0.0,0.9549600230502875,60.57995169495628,0.8396879923726865,21.985468031591523,4.593647115424024,<20,1.8217555668295498,0.225,24.85482260043408,41.3
45d935e4-de5b-4910-a7ac-ba9d832b05be,0.865212,pass,0.0,0.0,0.6921696050887606,252.04811155060332,2.6810128248044363,0.2285401147179968,35.69467336705736,20-45,15.21702527902057,7.5,3.3735363758113666,94.1
45f08b17-c7d7-4ea9-b56d-d859601e2ff7,0.0,offroad,0.0,1.0,0.10197826350126964,403.2272400289613,2.19670495014622,31.09371435323898,46.99731544322374,45-60,16.620832139739917,0.85,17.30948498583129,22.9
45f8999a-12ea-4bac-b786-da23e31cd73f,0.546696,pass,0.0,0.0,0.43735703866200215,294.06131836125724,0.8713907089295134,0.0,7.404940533052322,<20,15.361091989042405,1.225,11.534613315535045,84.0
4611c801-b3ac-4564-aa53-21d33088f253,1.0,pass,0.0,0.0,1.0028246674872445,514.9290949670691,1.7062035479494588,0.27676268702632545,3.6143072458653545,<20,25.721721296389575,0.375,3.956117096742301,27.2
4627a337-8422-47af-a6db-d69cf7c155fb,1.0,pass,0.0,0.0,1.0023581252079685,260.21998882089207,0.259949246645483,1.3268075338902627,2.5754362108726077,<20,13.10243421253429,5.65,4.375526273528449,99.6
464f923c-cc39-408e-8ebc-e55ffe475f0b,1.0,pass,0.0,0.0,1.0001611370335302,114.58602278049975,0.48467056308227274,3.357003421587193,4.790867602332767,<20,5.847613213278596,3.775,5.323282064540536,73.7
4658c995-2de5-4284-a599-f4f142467269,0.466474,pass,0.0,0.0,0.3731793582737287,215.16348084497702,0.6676302756242675,0.0,9.278652359664486,<20,10.767400677501948,3.45,7.177116758843707,68.1
46a20900-7a38-4a4c-86e2-f44915dda35f,1.0,pass,0.0,0.0,1.0032417423195688,425.41933431564325,0.7118105149525807,1.2221594836392247,3.4815623820503525,<20,21.26415714079555,1.175,4.018080696411464,19.2
46d68e21-a7f2-45e8-9b2d-147bee3a058b,0.678561,pass,0.0,0.0,0.5428490558530006,504.7514004132386,2.0354944111318227,0.0,17.299732447356437,<20,25.630022702444272,5.475,3.467998194355018,72.8
46d6b6fc-44ec-4f0b-be9e-c9f2015f05b7,1.0,pass,0.0,0.0,0.9912726360160422,129.12444053449218,0.884903514691517,0.4822418573050152,7.611772533191146,<20,7.033440983053585,22.375,2.9425385906423482,60.5
46db670e-79d2-4373-ab80-e354ae6523a7,0.919469,pass,0.0,0.0,0.7355755651761912,199.15810353600622,2.996337877745376,3.9984335382451994,20.478491593783332,20-45,10.06805456796213,2.75,7.657158832792088,30.7
46ea6266-fa8d-48dc-baf2-68d7f367cfb9,1.0,pass,0.0,0.0,1.0089693379994298,105.14454741548808,1.2403236099781303,1.1698638601703457,1.3687327382956074,<20,2.066392496209047,6.625,3.185901092322753,86.0
470a377d-bc68-4647-a1db-4f9f35bb2e9a,0.0,offroad,0.0,1.0,0.0002301990433365886,54.21013703977343,0.00030063421843351713,6.741596041669127,20.02459481278124,20-45,2.4781648021131035,7.175,3.3528076338171875,73.5
471f2484-3cdd-47bb-9039-abc856acaeb8,0.179345,pass,0.0,0.0,0.1434759011224723,253.75293318062464,4.092949821680786,45.45150127147742,73.17523996646592,60-90,12.1513712115083,0.075,11.461191793630874,69.9
4726de45-34cc-465a-8167-281c37faecbf,1.0,pass,0.0,0.0,1.00725582713843,145.51342809951413,1.444219591586749,0.46077977624700445,4.1699209502205825,<20,7.723845280126776,5.6,7.403831923895267,95.3
47650c67-906f-4a73-a012-be29fad601ff,0.723337,pass,0.0,0.0,0.5786695812646943,597.7329284250284,4.059528987434324,7.142918687830398,4.146097056123902,<20,27.60291096554633,1.675,3.4146866439894907,83.0
478d6ec4-f02b-4c82-97af-ddc0fbe5027f,1.0,pass,0.0,0.0,0.9049845322719541,549.2770177974112,1.5176902855176606,14.513553824524374,5.12167656742398,<20,27.993486396823396,0.325,17.748917690655148,93.8
47db2eb6-a299-4469-a3ca-e5539e8763a0,1.0,pass,0.0,0.0,0.9450210460864473,117.59566284555954,0.8315757493526904,0.8137640814428616,2.332455734082729,<20,8.116257446129948,10.625,3.355649919927439,73.3
4832dde8-363e-4f96-98b2-f299ddc5478e,1.0,pass,0.0,0.0,0.9868579434648499,69.57065958254648,0.5217928446810038,1.4980448237605701,1.096159872102494,<20,3.5085078568260513,9.125,3.870953985303067,78.5
489ecd96-6c76-4af9-b36a-8ad4e5d7d91e,1.0,pass,0.0,0.0,0.9820685366545838,330.5210938501734,1.7380093219487076,1.1928145455564063,8.627724874982345,<20,16.59746433970463,5.675,3.279439720690793,90.1
48a3f74a-4474-4810-8f89-f7eb58b3dfc9,1.0,pass,0.0,0.0,0.9369687505878472,501.0897601098037,2.7093304076593823,3.2375241388190585,10.973729737440264,<20,24.94619096133289,1.875,4.270602193510655,91.4
48a50c2a-ab84-4249-aa38-d983b3466e64,0.329875,pass,0.0,0.0,0.2638999479349415,143.58112136421556,4.176325778460055,1.8575994285654116,30.235613966792265,20-45,7.983754021268167,5.4,3.4291706096635357,72.7
48fa9fc5-e612-4f44-9568-a7d6c4be69c4,0.0,offroad,0.0,1.0,0.13323519468960446,293.5988986332188,0.6974623823949447,2.663359222167155,164.04592684983203,90+,16.24729715469346,0.125,6.479388543835335,36.2
490e1e7c-225c-4fa3-96c8-552d4274eb99,0.731029,pass,0.0,0.0,0.5848230689962829,88.87358081945658,0.23860213160021898,0.0,2.210579111729072,<20,4.745933707129798,22.625,3.3505547194279335,89.1
49513907-cf1c-4e07-9f92-36ba0c1561b7,0.858981,pass,0.0,0.0,0.687184433352832,224.28065445477552,1.5642345257779449,1.2254766552268308,85.98812470227354,60-90,10.429294091768094,1.6,9.42812356962103,92.1
49597f01-1461-4084-9447-95741690d9d8,1.0,pass,0.0,0.0,0.9720884553174658,421.88357050171146,3.0585190914574287,2.3606762307623117,1.105924885426539,<20,21.016857165017075,3.4,3.9219609037268697,88.8
4969ac16-f08c-4231-a4d4-8a5b46422f76,0.434012,pass,0.0,0.0,0.34720962868259786,74.8060255601137,4.073372824648572,1.1241957920937946,67.25614024648542,60-90,2.055025697739627,2.65,7.534725114676399,68.8
497183c6-6a87-43e7-8c2b-ab357e1cb57e,1.0,pass,0.0,0.0,0.8286679168604751,217.7012730042516,3.350500451981186,1.1293199226246942,6.921696203103018,<20,8.333183170094191,5.475,3.4276170665946597,80.8
497bf4e1-dfc1-44f2-b112-93c3f24542cf,1.0,pass,0.0,0.0,1.002994802879661,285.92743612814706,0.2139804735537598,1.4217740449172402,0.4226679416817031,<20,14.251719095983363,6.075,3.4290847626506302,76.6
4995e8aa-8a9b-40a5-aceb-ceccdfa506c7,0.0,offroad,0.0,1.0,0.2510496523302193,117.88489647454632,1.340000085544259,14.24220574474961,76.4757794070275,60-90,6.036517058588491,0.0,32.00388019053961,92.9
49a2bbf7-1b3b-4a31-a54d-40071ec42449,0.0,offroad,0.0,1.0,0.10007367383019845,261.7647136889059,0.9405394728031239,34.52134290478151,36.80468497552885,20-45,13.541257080724561,0.125,3.5321260855875587,25.4
49a97127-746d-4f7f-90f3-3ffed4cfa592,1.0,pass,0.0,0.0,0.8309940515754373,41.74908009123781,0.780403391967522,0.7983207754194814,19.756011856202473,<20,2.1480470594686114,11.05,3.4561674398598843,85.5
49b58a05-9a02-4dba-b958-a484386c5dc2,1.0,pass,0.0,0.0,1.0031316058013924,282.4632349025195,0.35106043356187155,1.1790196075501485,1.5878488323041489,<20,14.287426456484267,5.15,3.336567035111341,99.8
49bcab6f-d6a9-48de-a7c3-47f91059fc66,0.757355,pass,0.0,0.0,0.6058841867566687,414.41169042966436,2.253882259427972,43.19002578256583,25.486969753871378,20-45,20.772406708836645,0.075,5.4349687125416075,55.7
49c23486-6222-487f-b9ce-c5e8a29e5c97,1.0,pass,0.0,0.0,1.0061769239364764,86.44905087514812,0.3947516537228079,1.5378285338250066,1.2591927031298071,<20,4.886319584941881,7.0,4.3846449421395475,86.1
4a24b408-1989-4393-9594-ca99a2c71930,0.287678,pass,0.0,0.0,0.23014263823015058,424.9497793267059,0.75872763370805,0.0,15.862948208110748,<20,21.227678543351264,0.25,5.014334390473494,94.0
4a2db3b3-105b-4b03-9ddc-fe5900098887,0.500672,pass,0.0,0.0,0.40053795757749105,187.14947033496938,5.320911992136017,25.459152827315165,151.45898312587295,90+,9.849833899349116,0.125,10.201221031625842,76.6
4a495c2d-2bec-4591-a304-09ab964538ef,1.0,pass,0.0,0.0,1.0048679866458305,16.499709113580785,0.10522109144697071,1.382604672754985,0.05738983743297615,<20,0.8229694379937614,21.125,3.6731247272757614,86.2
4a863a41-f6b3-4323-9a54-848d8c3d15a9,1.0,pass,0.0,0.0,0.9860727937826647,461.24563982435706,0.7390120776403398,12.173336665383385,11.667739283847666,<20,23.6442836337115,0.225,14.660435033980042,89.5
4ac6e6fb-8a9b-46c7-b7b4-b8d33368f6fb,0.689339,pass,0.0,0.0,0.5514714944917912,229.4532694462703,1.1202395474785012,,13.293958127239826,<20,11.165709584344818,0.0,104.706975025019,42.5
4b5a7c8b-40d7-4fd4-bc6e-b22b5f7ace44,1.0,pass,0.0,0.0,1.0042393895927453,277.5926141500125,0.35046062348224094,10.43339956487794,12.603272566048384,<20,14.721922360262196,3.025,12.519746594234594,74.3
4b7f3f25-30ed-44b3-8a91-5af20e5f1a06,1.0,pass,0.0,0.0,1.001879613250333,192.1433975095026,0.4611258321309622,0.8818278082448548,0.8816380787057642,<20,10.564707310572508,11.475,5.398416796609581,92.4
4b8a9bd4-8dcd-494a-b5d5-64f9b9344acd,0.0,offroad,0.0,1.0,0.44630428020951796,331.74336654923223,3.1004478654286367,3.425831911859782,20.08461169371083,20-45,17.303377246454172,0.825,4.191628032383681,89.3
4bc0d5a1-8907-478b-b19f-aae67744227e,0.0,offroad,0.0,1.0,0.33072290921025627,534.1155775664442,0.5964512276610252,,0.9429891729319446,<20,26.546228755091565,0.05,27.9808310417329,22.6
4bdcda96-d062-4d63-ba55-5c1664943a7c,0.0,offroad,0.0,1.0,0.44473041866377794,114.78609936874909,1.0705521303425487,0.7245513473179888,78.89603462770071,60-90,5.290566413845741,9.65,3.070486069833996,81.7
4be71004-79ca-476b-be95-290f0dff4334,0.0,offroad,0.0,1.0,0.49199577015424506,119.00197889619027,1.9707420358546826,2.468368298140233,26.38827879059996,20-45,7.0553522366343016,2.125,4.14912650676254,94.1
4bff979b-dc85-4a39-b11c-bc42b04662db,0.275214,pass,0.0,0.0,0.2201713724586231,300.64256517876754,1.2599666505592775,0.0,38.35964228316236,20-45,14.845774462290008,1.15,17.908287114732197,92.5
4c20282b-e568-4322-ac23-d6c527be5ae1,0.0,offroad,0.0,1.0,0.269117205826079,162.54121253843184,0.18011161819494123,6.319143893677875,7.710839128470517,<20,8.324726972474108,5.975,2.920623652777212,69.6
4cb05d65-b2b9-48fc-8f14-d0507d6cda9e,0.887578,pass,0.0,0.0,0.7100621456997499,765.1520769598753,4.2274242521853465,6.8396466460371315,2.8129845281583834,<20,38.24350065786066,0.35,16.927694002439353,24.1
4ccb410f-907e-47d9-897c-56db0a8c5f71,1.0,pass,0.0,0.0,0.977660024250656,72.67207936398248,0.15039677713695274,1.5331111255704217,0.8184523386152317,<20,3.8065009301671324,14.85,3.680724549521833,84.3
4cef6180-5c55-4611-a407-7aed3e17199c,0.501244,pass,0.0,0.0,0.400995589654886,109.25608166040399,0.3938971710723226,0.0,2.769849334191117,<20,6.303909061079145,14.075,3.9851959370924264,80.5
4d268762-0f46-4ba3-853a-31d909cb6cb6,1.0,pass,0.0,0.0,0.8373568460874713,140.4188301298201,0.19659518398153888,0.0,2.0451377594518756,<20,7.85338273189798,9.4,2.6715379750734947,94.7
4d4352f8-8565-42a8-99ac-8b2c790d2591,1.0,pass,0.0,0.0,0.9997612905258597,575.9092824170227,2.0559616931428297,16.84075412331962,7.928025680573671,<20,28.85864364786243,0.275,18.030695355742562,69.1
4d496419-40e7-4822-ae8a-1af44a22bd83,1.0,pass,0.0,0.0,0.9689496034473546,556.0809439867534,1.8060844597918853,15.299852183694618,4.497485867890826,<20,28.854497299874335,0.875,4.017654217010616,89.3
4d659a21-e7dc-44df-82d8-6f3c87ade1f3,1.0,pass,0.0,0.0,1.0035226944972484,416.7650132473552,0.5751686812068512,1.676800946491766,0.9497938596434922,<20,20.788424789982404,0.5,5.679063837445659,84.6
4dc8100b-e492-4b33-b061-be3d64d52e31,1.0,pass,0.0,0.0,0.8807670293055593,64.29966938721105,0.13018180524838566,0.0,2.850390313901345,<20,0.006175807679638305,6.35,3.865598059590424,44.2
4e05c75c-1fe9-4ff6-b94a-8e297c57a38a,0.948457,pass,0.0,0.0,0.7587652301473308,544.4288496544184,1.5974331736991676,0.0,13.149125505336563,<20,27.175027081598845,0.2,13.864226615420046,22.0
4e2181bf-ef99-4f71-833a-1ffca06fefbb,1.0,pass,0.0,0.0,0.8338980284362466,323.86618011034886,1.9970821612082776,0.5118584994402331,0.650861534755636,<20,15.306325388827888,5.475,4.045188914376087,105.3
4e454838-a16b-4f7a-929f-b6e047dd8170,1.0,pass,0.0,0.0,0.9587038261252218,181.05446357371915,0.9547925231271568,65.88238058742488,1.4687730047046152,<20,9.148438435750585,0.0,64.47816643443707,88.6
4e4a2a51-db91-43d1-90b4-d9cd7aeba6e8,0.0,offroad,0.0,1.0,0.2667148793381139,90.99001246161882,0.6161933215002047,1.6297002139511332,18.589094477827306,<20,4.483306144769003,12.85,7.002460045015526,82.2
4e8f1c63-2184-4d5e-976c-a3906f6f743f,0.620308,pass,0.0,0.0,0.4962463180483842,145.91758383534997,4.031131115882713,1.3336261212972627,62.36529350055117,60-90,9.459541116464282,3.425,4.804631890604123,88.1
4f0f0f12-d9d1-4207-bd27-5c3e62d15e5a,1.0,pass,0.0,0.0,1.0035271628826834,504.2139029731846,2.2069371083448535,4.918434394906996,2.2526267463539633,<20,26.09778801860716,0.8,4.705862036477846,83.0
4f779a92-af3f-4951-a09e-18fa15cbbf97,1.0,pass,0.0,0.0,0.8450591460427072,503.71707348801345,2.906467127360207,0.0,5.146843397731448,<20,23.96996494239816,1.5,3.9459936885129814,90.5
4f7cb072-89c6-40f5-b6a5-d8c775784c2a,0.0,offroad,0.0,1.0,0.15612695232523424,462.12662449402416,1.0928969427557063,8.015103039232306,19.841626401801122,<20,22.955083280725187,2.175,8.224122094253696,96.6
4f8168cc-0add-48aa-a44b-206268cd07b9,1.0,pass,0.0,0.0,0.8634728485870196,113.01178614404566,1.6362542513649305,0.0,75.05548194286042,60-90,6.029837914852499,3.175,3.192522767549379,92.0
4fa2f86c-cfff-4cb7-b68c-29109aeef91b,0.99638,pass,0.0,0.0,0.7971037680592798,186.84430512441102,0.7899809555403534,7.163030276614747,14.469739499531652,<20,10.261704982895292,6.275,4.283567161077527,79.4
4fdce89c-8dc9-4c3a-95e5-1a6c4da202e2,0.638898,pass,0.0,0.0,0.511118707478191,696.2973580689311,1.5498998058820994,0.0,1.8491366489546752,<20,35.64992792201099,2.625,4.367217980505831,75.1
4fdd073a-3aca-46b7-9b9e-fd58e7ba9657,1.0,pass,0.0,0.0,0.881108486318361,87.76748005181112,0.4052573923181537,0.0,0.5913080016123139,<20,4.562541807291543,10.05,3.7229371757646215,78.9
5037c30f-f66c-45d6-b459-b0b465602de5,0.913009,pass,0.0,0.0,0.7304071871850529,219.43633956280075,4.052693962382941,8.73542690679703,4.691777891840823,<20,11.850736000610487,3.625,10.57505394635194,84.0
504ca69c-d9ae-4214-afd5-ac0e0c289de7,0.708574,pass,0.0,0.0,0.5668592349531093,193.00256671821026,2.646310465181795,12.683794239130096,89.85982226071553,60-90,9.34999857192471,1.075,13.402895046916614,89.8
504ee5fd-7588-4ec5-b8f3-2bde1b06c05a,0.0,offroad,0.0,1.0,0.7967306539756263,508.9585347270956,2.260038649217021,1.435959108689509,17.486146680981477,<20,25.159908228731705,1.425,4.858482453966211,86.5
50541d25-ddd7-46e4-afea-05250006705a,1.0,pass,0.0,0.0,0.007561251889878494,0.004110636623449573,1.906651384335403,2.2553777797752113,0.012404294995035947,<20,0.00026549322370408255,17.875,3.9698877996596593,79.9
50aa86f5-9179-4984-9e4f-d9a678b1e77e,1.0,pass,0.0,0.0,1.0031094594844856,97.62482933115432,0.44969603180620216,0.7056622378169,4.6476727260185395,<20,4.88987823804267,15.4,3.11336821164739,32.8
510831a8-7a8f-4640-bf5b-ba9505880268,0.18193,pass,0.0,0.0,0.14554407957948434,46.90575869122741,4.014276492307082,1.3279567372673124,67.04256539012505,60-90,1.5656349696855658,20.375,2.8470807306424373,90.6
51242b4d-d47f-495e-943e-569541f15fb9,1.0,pass,0.0,0.0,0.9023300415672707,141.1837409741501,2.729266101046364,0.0,5.919230091751177,<20,8.420879536872034,2.475,5.49448435733809,73.5
51249fb2-3db1-4e78-813a-f6b2af4076d3,0.976895,pass,0.0,0.0,0.7815163126210857,243.54108571670525,1.6832042172616615,0.0,10.13964117894715,<20,11.723052009346386,11.375,3.3261458085232087,72.7
51400458-f276-4c16-902f-484bbf8a05a6,1.0,pass,0.0,0.0,0.9603359165075301,98.41640368860811,0.31887825537433023,0.32315114850224663,2.64638742370907,<20,6.476913439244207,15.75,2.8807800401261927,94.5
518b91d7-c8d7-4863-92b8-c59caa8128ad,1.0,pass,0.0,0.0,1.0025039826498985,166.5286727112696,0.2759200340543317,0.8818421235931232,0.737627589661979,<20,8.48499315496469,5.15,3.1187959539269596,87.0
51904be9-9fd8-427f-96ac-42a66d338314,0.533706,pass,0.0,0.0,0.4269647675109033,60.48048091877493,3.8675663683849693,0.6654232626368647,61.147223160902115,60-90,3.2648740441392228,6.675,3.6574452589337394,70.1
519a1bf9-b9e2-405a-a69c-f2026f4e1058,0.0,offroad,0.0,1.0,0.09105707213701723,112.04001650795732,0.003683160016022508,1.6448714681735348,20.54190655941366,20-45,5.619449696738271,19.0,2.855915355166231,76.6
51dd9863-3749-4ac8-86d8-0bddd140f9c7,0.0,offroad,0.0,1.0,0.40407925146911877,395.02487779671816,1.0030493383196621,8.26253169654544,8.473790665807517,<20,19.734603611317418,0.975,11.453897671789624,81.6
51e7f59e-a539-4c67-9c10-6c236b72487f,0.0,collision_at_fault,1.0,0.0,0.7987568621548112,45.07592920508342,0.797868926710583,0.0,7.326892435804454,<20,0.0862125948998499,3.775,3.020751482511777,87.9
52003cee-c163-41b2-9bc7-7bf4cc46d505,1.0,pass,0.0,0.0,0.8358036306436708,118.79258299209974,0.39698618720565176,0.0,67.18178313617932,60-90,6.894895723684262,8.55,2.8073448259611897,99.8
5277b5f7-2469-4371-8c69-93409710f99f,0.599963,pass,0.0,0.0,0.4799705197001347,541.8800225783627,1.4670567099414964,0.0,28.375201500118234,20-45,26.320478700422274,3.125,3.2321752534899746,99.3
5293e562-5d50-4999-9eb6-cbb5cc07f66f,1.0,pass,0.0,0.0,1.0014154850916361,72.61596298742012,1.2305056794674796,0.0854412705251239,14.184781206275973,<20,3.301114749408418,11.55,2.6668527594313667,39.9
52b83a93-d951-4f90-b495-6b6fd87adc94,1.0,pass,0.0,0.0,1.002565669111125,319.1348172890965,0.3899184701858127,4.408996120957606,1.1475489512361805,<20,15.899631159281569,1.95,7.087290718077113,61.2
52bd89ce-db30-4525-9fa1-b0c0dd72f5f4,1.0,pass,0.0,0.0,0.81499741508452,62.52935478309667,0.18535200436564372,0.0,1.9805985012206573,<20,3.6979002864266737,17.7,3.020206399226583,64.1
530a9510-4cf8-4ab1-9532-cdd3b1725e2b,0.0,offroad,0.0,1.0,0.44566851809142843,235.57934857784232,2.347681411654674,25.2542976319284,39.561747405641974,20-45,11.74986525171064,0.35,16.23960099399048,60.4
53115c05-eeae-4e5e-b243-71589b125661,1.0,pass,0.0,0.0,0.9785915416573092,9.33218890388059,0.31879574514485504,0.1933336293940566,9.87234051158138,<20,0.004917725652004053,5.15,5.282590568125517,97.2
53134a94-dd75-40c0-8b0f-539bc6b1fcf1,0.0,pass,0.0,0.0,0.0,20.792495828024933,3.2002475290519414,0.550318523330187,3.458545021101015,<20,0.9886598164345193,18.975,3.048096601237371,60.9
5358b7b1-7d0a-477b-b032-4ffb04f3cc20,0.0,collision_at_fault,1.0,0.0,0.6996609173620117,53.8852003852808,0.7579774462434974,0.0,4.2275835109907245,<20,1.825783988377799,18.125,2.9014229329120114,97.3
5361354b-f1e7-4839-87d6-8087777f2eca,0.0,offroad,0.0,1.0,0.11146243158516887,334.17854892096705,2.016987597049893,24.502152299079416,89.13759170218759,60-90,15.613412809186714,2.25,6.743475063287968,75.1
53a8a5c6-92cb-45b2-92e3-2ad333d68601,1.0,pass,0.0,0.0,0.8236654106064045,64.60434450275079,0.17539879687742,0.0,0.7446450703344963,<20,2.4313939583562485,18.875,3.021370892772093,70.9
54289b3b-685f-45a9-828b-8e84ffc452f4,0.977441,pass,0.0,0.0,0.7819531569239729,128.37383395686786,1.0072146127728416,0.4418323763833079,2.5376227398372695,<20,5.664687046029771,14.725,3.035593125899542,92.2
546804fb-a638-4d51-9bd3-43b02f7aca52,0.378607,pass,0.0,0.0,0.30288587760947405,124.10234936065936,1.2852376950306965,0.0,10.494073568393754,<20,6.297046489268618,8.975,3.37441022473616,93.8
5487b8af-4a81-4a99-aeac-35719bbb7cb1,0.973411,pass,0.0,0.0,0.7787285461506828,162.72735332478507,2.1257605002227358,0.0,37.12138471776089,20-45,8.42996911903483,3.725,7.431990664471007,73.1
54bcdd40-b5e3-4bea-94d5-755a4ec83667,1.0,pass,0.0,0.0,1.0062940972643586,74.43783857439838,0.20088077366792917,1.3025484559220566,1.960484802537076,<20,3.44802916052426,23.025,3.604009941888036,96.5
550259d6-f152-486e-bd14-09cfbe47ac7e,1.0,pass,0.0,0.0,0.9237369052994259,13.054681631030773,1.0859725198310113,1.591545695759127,18.90598656501744,<20,0.7085185253637228,7.9,6.882264411614316,81.2
55b7be99-88a0-41b7-b46b-e96509c2d38c,0.0,offroad,0.0,1.0,0.5436643343780517,321.29535800557824,0.5228688392365592,1.198926908949497,1.9832321618542437,<20,15.822985111241561,0.6,3.4891253141409684,76.0
55bb852d-2af0-4c64-9a69-b482da66cfcd,0.957533,pass,0.0,0.0,0.766026600081843,158.07536656190288,2.5896867865037274,0.7222309819655693,38.45404780891919,20-45,7.931927149302123,11.5,3.1795411823203206,34.8
55bd2955-6ac8-4c88-a3c8-b9675d08be40,0.0,offroad,0.0,1.0,0.20035295883953266,193.69070276333667,0.10397249262022516,1.650978703813989,83.58756937309835,60-90,10.221956854838453,15.875,3.538881009048734,89.9
55e029f7-66bb-4456-a506-1f86722d758d,0.0,offroad,0.0,1.0,0.6179904345875399,43.17661339105386,0.2812621615060428,0.5783920536483184,72.55384475830031,60-90,2.1726680332936543,3.525,3.1519208553251876,59.6
55ee3188-67db-4e4f-bb34-69fcf3467257,1.0,pass,0.0,0.0,0.9133645214438347,271.8761331670373,4.0210795441670095,1.4345783874813718,11.296215879708427,<20,13.947127549745472,4.325,3.4079019031855444,58.3
561c5a26-efd2-41f4-ae6d-e60c9c15d13b,1.0,pass,0.0,0.0,1.0022687901833698,580.7599671032618,0.7575585853883097,1.159231686613504,1.4615852730601904,<20,29.09952041906659,4.4,3.918754179094124,81.4
56353daf-da6b-4425-a328-fddef32b5b70,1.0,pass,0.0,0.0,0.9906101075490854,433.38543641990367,1.4810475633927733,48.423184321737466,3.905558069961059,<20,21.66731466614258,0.0,50.72964794844717,80.7
56bf7a4b-7618-4ef0-b666-e8d59bbbf798,0.935608,pass,0.0,0.0,0.748486047016434,243.85596782125668,0.5650609703875771,0.0,33.477342692803425,20-45,12.88701967787832,0.425,7.077244528516976,29.7
56dc10ed-65b5-43ef-867e-367fa33dbf98,1.0,pass,0.0,0.0,1.008872585621382,81.93197123911455,1.6275392851407025,13.811461971128237,2.251309966289938,<20,2.4956925063311375,1.7,16.805205040942937,75.9
57024ddc-cb15-497c-b63e-14ba0e186b8c,1.0,pass,0.0,0.0,0.8653614708594102,26.152190569483352,1.040844583040336,0.656484499968712,8.643998856911344,<20,0.4003028919323779,6.875,2.909745081061474,63.7
57195348-14ab-4e57-9946-2468ed3005df,1.0,pass,0.0,0.0,1.0026847626662299,706.2252181062502,2.3303977228763197,14.297663977971983,1.5601254702645722,<20,35.389645148094985,0.525,16.111948230978538,17.3
577a5904-27d0-4545-8f01-ab589cc197b6,1.0,pass,0.0,0.0,0.8645268898915739,396.7932561558564,0.4881794286336365,1.2285603127444042,8.782729134064043,<20,22.378217155106054,0.575,4.9454134678276915,82.3
578cf5b9-73f1-4044-b5f2-ccf26da1c7a9,1.0,pass,0.0,0.0,0.9876186560252909,681.0657259609302,2.825113816632644,1.702339174747238,5.814458937516614,<20,34.76942565511829,3.025,3.689360985335866,19.9
5827967a-dcc3-4d3b-9e34-2300241da69e,0.700279,pass,0.0,0.0,0.5602235875831003,171.2159586341794,0.36300228587867767,0.0,27.169495259583165,20-45,8.915063249428762,3.55,4.747306958050154,69.0
58467d6b-de3b-4eb0-9080-8d97b88ba714,1.0,pass,0.0,0.0,0.9683061103675188,149.64123866783822,2.520371737969256,0.4920645383329476,57.59440799992825,45-60,7.797343071113425,19.175,3.8696852608678616,71.3
58814d76-1ced-4a15-9fdd-151111a76535,0.377069,pass,0.0,0.0,0.3016552538379393,57.061145597160625,4.380005151133552,1.1147199952846094,77.57129027071718,60-90,2.3704089638638517,3.0,4.318718613806038,77.6
5894f7ff-cd15-49c5-9b6e-5152a8f21092,0.72644,pass,0.0,0.0,0.5811523938483352,99.74413111652805,4.164006519383847,2.8193903932971587,96.49351283060805,90+,5.696446017462935,10.175,5.66536160314948,88.9
589e8a0d-dbb2-4dae-9e8b-ede945261edb,0.0,offroad,0.0,1.0,0.38550202028050456,220.8435020188983,1.8746017821638634,15.617777360652164,37.33212818825481,20-45,10.709072308840938,1.0,22.165851016192555,72.5
58b5c3ad-5f6a-4e7c-ba0b-c76d52c8f478,0.0,offroad,0.0,1.0,0.5817150978267374,138.3376797898125,1.415203795035748,,42.64905886234074,20-45,6.777381646218738,0.175,27.775704030038373,36.6
593e97fb-eaba-497a-9e1a-cc29460900e9,1.0,pass,0.0,0.0,0.9899783687373006,124.30900459690868,0.4863491225945847,2.6583824390160635,0.2584160936317971,<20,6.132166486789541,6.05,4.670963378484762,84.3
596af0c7-c33f-4160-84d9-5ab525e9675e,0.0,offroad,0.0,1.0,0.2869905078304962,527.9434513196014,3.4690647720300753,2.8003830838632755,27.14766706916913,20-45,26.412043511465622,4.375,4.023628526413092,94.6
59cb0598-0726-4427-88f4-e268a2dc998c,1.0,pass,0.0,0.0,0.9385317943500413,65.34349968630734,0.8428382762351021,0.5515223861346168,2.7428190393565997,<20,2.1075450925355126,13.825,3.559375661899948,90.0
59e005fe-3cbc-4425-9085-1afcf3495e18,1.0,pass,0.0,0.0,0.999556946692599,331.9284132821624,1.9212900800276365,1.9321319198171931,8.976218156695877,<20,16.429603269820788,2.225,3.7787691637817047,95.1
59e085d7-9047-4300-8228-33a618db27f1,1.0,pass,0.0,0.0,0.931125336485139,115.12625792575987,0.6846618605903999,1.3455975062145114,26.29004337433469,20-45,6.416018253632528,0.75,5.371682305576444,78.7
5a23ec1c-1c6f-4da6-ae62-c31677896960,0.0,offroad,0.0,1.0,0.11098180150271413,367.76364345481966,2.515899522121868,12.08700751865796,85.26630266090751,60-90,15.33687848716056,1.4,15.870682715010975,84.2
5a5d3197-8c74-483e-859d-24ac9561c30d,0.452123,pass,0.0,0.0,0.361698309856213,500.02539491477967,0.042575653581306556,0.0,34.03153797884121,20-45,24.859980356859793,3.175,3.6536763231450453,89.8
5ab16901-2bc2-4004-a0b2-0bb1071e96cf,1.0,pass,0.0,0.0,1.003528628470467,197.2715214620381,0.745078623156738,2.0791988012823572,1.4969492763152679,<20,11.293967861481663,2.45,4.458600504410542,59.3
5ab1d9cb-778a-46d5-b89f-720b6f185457,1.0,pass,0.0,0.0,1.0105216085636366,77.33161993030639,0.4037466146195505,1.3379949209838937,0.8918468572664194,<20,1.3623745770202829,18.2,3.5710982398899898,90.0
5ac1a321-a0cc-414e-95c1-1463a9fcc957,1.0,pass,0.0,0.0,1.0011622773171514,40.181745642808934,0.11435592850994694,1.6591957278697524,0.22789274270896642,<20,1.963713087076276,12.975,3.856733666797342,98.7
5b0362c8-046c-4b24-a474-86acabaa34a2,0.402951,pass,0.0,0.0,0.3223608348803617,298.2384124375586,0.3882607328923071,0.0,8.604674059059397,<20,15.909522579083822,2.1,3.7680836610858695,99.0
5b39ea08-21a5-4427-8ab3-8038c45f4458,1.0,pass,0.0,0.0,0.9740441957105194,45.182378896445705,0.13410430303261417,1.7826504171403055,0.07805407642522356,<20,2.081964880062395,9.6,4.094176251235252,92.9
5b5f9d86-b5c3-4612-bdc5-c1d877e0ae20,1.0,pass,0.0,0.0,1.0022875791792958,169.85969161425524,0.461375342700858,1.09346100999064,0.5505063413121773,<20,8.521933056924508,4.875,5.160809844305251,68.5
5b94e1f5-8164-45f6-9b22-33906595d128,1.0,pass,0.0,0.0,0.8204757675240474,131.59697380222622,1.9108517129999503,0.17064905179378065,18.44780211110486,<20,6.995498426357876,6.0,3.240216012372711,93.3
5bf8dbed-f0a8-4fd5-b1ef-8ce7bf495fd1,1.0,pass,0.0,0.0,1.0058097507706845,49.95852459703613,0.752509925396441,1.0497383561181217,5.013324300652362,<20,2.336055249417228,1.65,8.885158092391128,79.6
5c4a277a-dfc2-46de-828a-e80eb658f68e,0.96055,pass,0.0,0.0,0.7684402576403493,57.94733851076789,0.314578004502161,2.249784502874574,1.406279818290472,<20,2.5777946402524736,9.8,4.040047627554173,98.7
5c74a126-b177-4d3f-beb2-5235ca60b8a5,0.0,offroad,0.0,1.0,0.11802941338503385,183.8678592618623,2.6388532143919634,17.784496706656974,78.09007131369763,60-90,8.526200060762813,0.45,21.910766080497627,45.6
5cda81fb-3a63-487e-9af3-fe726971556e,1.0,pass,0.0,0.0,1.0043945865300008,83.78737992794973,0.6917301825892741,1.5481250640020112,13.303568096430205,<20,4.95154335750244,17.8,4.149763295668111,88.2
5cdc4c2f-7c2e-45bf-9800-da290dec829e,1.0,pass,0.0,0.0,0.8906014865765179,219.55440626524606,1.3832853384465884,0.14207258554642532,41.41473723355283,20-45,12.14900863470426,7.925,3.2381158616530756,89.9
5d5e6eb0-7a74-4903-8185-d0adcf8a0282,0.0,collision_at_fault,1.0,0.0,0.9990177662924762,33.85464377199858,2.1424913646214483,0.0,1.826384076709983,<20,0.005680679607171291,9.725,2.851930055906006,88.2
5d929157-9b8c-4fe2-a1a9-67672827fc64,0.0,collision_at_fault,1.0,0.0,0.5523845936881672,195.02751498360115,3.911290972721976,0.0,42.08823400543814,20-45,10.99112530210828,1.325,3.6292435014769713,94.7
5da7524e-66ce-4f61-a98a-151783bcdd8c,0.0,collision_at_fault,1.0,0.0,0.022490665375958847,89.1142949866286,0.13690331729251076,0.0,8.695974067171749,<20,5.4872979634193415,14.5,3.6049749063130236,68.5
5ddb96bd-7221-4107-8987-29b9928c58c7,0.0,collision_at_fault,1.0,0.0,0.417932269557493,109.05462261025251,2.3986950932283584,0.0,33.069017183183234,20-45,5.699172196825752,6.825,3.6593201624159017,75.3
5dde348a-e6d1-4b78-bbea-f60a963a277f,0.0,offroad,0.0,1.0,0.36003533097943263,168.26505603356406,1.0256158695166524,3.582711976751648,32.43161095191288,20-45,8.476429789974905,4.35,5.945327129329175,86.3
5debfbf6-12f4-4926-a293-a8517e917e31,0.514098,pass,0.0,0.0,0.4112783533318382,262.3009637580525,2.493066892694575,12.452210120398222,77.97027253246775,60-90,12.258805475262047,0.825,17.874354719195363,82.0
5e265710-1a9b-45b3-8c51-1b37a3b1bde7,1.0,pass,0.0,0.0,0.9968440269357853,14.056223256618644,0.5359016335261615,1.1419594955058319,0.6327655009855181,<20,0.003531235688801093,8.675,3.3560863133436722,91.5
5e7775f9-b58f-425a-b8fb-31c41317c991,1.0,pass,0.0,0.0,0.8207457303037518,158.1839381929746,0.18664310608558202,0.0,34.34779946987997,20-45,8.069628564623436,3.375,3.3774282399539266,74.9
5e99cac1-edb5-4e95-b70d-c9da412e0c24,0.475176,pass,0.0,0.0,0.3801410618962664,156.86224354287071,1.427416554402961,0.0,21.057644801151298,20-45,8.197831200751557,11.75,3.947126839157715,73.0
5ec7792d-dd2f-441b-b0c6-7edc7e80a58d,0.372769,pass,0.0,0.0,0.29821533935535594,76.99759555928502,4.052641672085783,1.296469152781001,76.28942525002523,60-90,4.367065702006283,14.1,3.3839491368521437,57.1
5eee2b9e-513e-4514-b639-980326ba2b2e,0.0,offroad,0.0,1.0,0.37681940605692005,445.52740514769613,1.4196278030285585,2.6389100175144793,5.316799861217097,<20,22.01464798911328,0.325,5.099238351267528,89.9
5f064b02-2066-4dc4-a04b-b4386ff80c84,1.0,pass,0.0,0.0,1.0060858265675408,112.96935187829519,2.7879517588247897,0.9972117410453873,1.795442376053496,<20,6.469076730696275,11.25,4.483704783018616,86.9
600a8cc2-c4e4-454b-b7cc-aa1b199760f8,0.654866,pass,0.0,0.0,0.5238931669563853,255.25618428596948,0.6879525642732758,0.0,26.13559285779176,20-45,12.678929136237866,3.75,9.371671490711702,76.6
601c88bb-a638-4b9a-9274-0020e5d92dd4,1.0,pass,0.0,0.0,0.9966117822318538,226.86974172800035,0.6052333912726303,1.261271581405263,6.369433131780009,<20,11.677477027578957,8.0,3.4626907543132575,98.1
604b2b18-04d2-48c4-a4c3-c3a2ecee5926,0.228046,pass,0.0,0.0,0.1824365665154232,127.23687332382546,4.0843916475009845,2.402993781953978,76.35992221475402,60-90,6.553446889254488,4.3,4.307426632852129,91.7
60cc35db-1c6f-4aef-b86f-ffca69fbc3cb,0.0,collision_at_fault,1.0,0.0,0.5850217034830254,128.1038587691419,3.66898534461486,0.0,50.135209101298834,45-60,6.556717404063968,9.375,3.7228649803354337,32.7
619ce63d-d7ef-44ab-9ba4-3bf75bd472ea,0.559301,pass,0.0,0.0,0.44744103026728227,222.2841366089566,1.9620865126585043,3.372070027630198,40.58659256167618,20-45,11.149811353171232,1.25,3.5215055832162894,85.9
61e73e86-05de-43af-b992-1fec947ee626,1.0,pass,0.0,0.0,0.9850225451469233,681.804931742145,3.0488729944466,1.5033598835672908,1.7761793906488,<20,35.727550618930984,1.75,3.5803736879925356,75.2
61fb78e2-4034-4ace-ab87-accc23b0ba7a,1.0,pass,0.0,0.0,0.9919272955346525,44.334601466469564,0.08774000631212334,2.486461966769107,0.5508688127257038,<20,2.3062430915373144,11.225,4.516518998310641,79.2
623bbe74-d4f7-45f7-881d-9dc0deb1c869,0.326003,pass,0.0,0.0,0.26080245988893686,130.5449779093148,0.9419480941744798,40.766167644736534,26.130404554834396,20-45,7.337570691496994,0.025,27.18156232593979,44.9
623d5516-5e45-44f8-9a49-841f5cbc2117,1.0,pass,0.0,0.0,1.0017169901924683,495.95961000913127,2.4721391347968775,1.9247981159129264,0.4388924785538116,<20,24.861483158126735,2.925,4.042043290607981,30.4
624265f9-9c16-49c0-ab8b-9660cd740c34,0.0,collision_at_fault,1.0,0.0,0.5054601456281484,89.87408861988408,3.8907587183791357,0.0,74.5829741053294,60-90,4.819984964880183,6.725,4.613487801154489,45.0
625ee6ce-0838-4024-b262-44d3352ff279,1.0,pass,0.0,0.0,0.9716244924106134,79.285645620946,0.6800922546318138,2.8278169110889557,5.004495459328217,<20,5.413675107669343,4.9,6.368447512373449,33.4
626d1d1e-013f-477f-b99c-0d56fc9f89e8,0.443695,pass,0.0,0.0,0.35495600932890986,225.1165176925627,4.014357440003903,4.2780480930817095,32.36469688134849,20-45,11.29180889336182,2.325,2.918111911489437,65.0
627ea927-602a-4f2c-96b1-e64df477bf9a,0.785813,pass,0.0,0.0,0.628650553809614,104.81299258634384,0.7862526712393406,0.7323016284090634,18.949822809484516,<20,5.326189876722509,6.225,3.017109876120765,47.1
62a6072a-6fb3-4053-89a3-a2744c1be219,0.66713,pass,0.0,0.0,0.5337036758321623,41.65298207087916,3.0333341296982317,0.20385924880783673,82.53824781971682,60-90,1.3485760810516378,12.325,3.9420928562882414,90.0
62cfe9d3-df92-4395-9faf-897ee20ef839,1.0,pass,0.0,0.0,0.8620257157309628,131.86001768523724,4.038766396843703,2.4621278259972432,45.48242264157709,45-60,8.847029234025907,4.125,5.499009734234232,89.7
62d7d1ea-522a-4cc1-966c-3cb751e39d1e,1.0,pass,0.0,0.0,0.9823299725244069,22.040223219481355,0.3259555742477205,1.0709089556149394,2.4832276113499816,<20,0.47410954473710915,15.025,3.57586383986998,92.3
62fe5e69-b0f8-446c-bd4b-1e5b19f1981e,0.0,offroad,0.0,1.0,0.32445768153611815,222.61421477180565,1.2838605300114991,5.555969362596807,36.75284889301287,20-45,10.939522942747766,0.1,9.171357669388273,88.0
630a2f71-b5de-4661-be26-9592bbe8f727,0.95225,pass,0.0,0.0,0.7618002453406807,229.2922499215277,2.5287332237549762,0.7612019565225564,26.838539945266195,20-45,14.934438612487025,2.875,5.3789714468058705,99.5
632d7f35-cdc1-4c54-80cf-c68012fa5f45,1.0,pass,0.0,0.0,0.9985894194963094,294.1234929582808,0.28925679357039635,4.501559594134967,1.3289907822236149,<20,14.636095044419662,4.675,7.367778942689767,80.7
63653da3-ce51-4654-9c86-7edaef8772e5,0.720687,pass,0.0,0.0,0.5765498415915483,243.53164988070668,1.7558476643802037,0.0,13.52277305368527,<20,12.045906436323785,1.3,3.4168817582309807,90.4
637fd51a-7f9f-4f13-bc3c-1fd1540c4a50,1.0,pass,0.0,0.0,0.9909732352569006,637.4136395647631,2.5056445856122718,2.1308437736634818,6.567855294155202,<20,32.04536073039372,2.45,4.330142261626294,50.1
63ac00e5-2b62-4b85-acd5-b1594313ffc9,1.0,pass,0.0,0.0,0.9769640030100664,555.6740229244427,3.9842367881229346,1.21774684314243,4.123652473360935,<20,28.507484378171778,3.275,3.5072463631120017,74.1
63ca82ed-e867-4cc8-9587-847a34f29c59,1.0,pass,0.0,0.0,0.8843718490876799,75.987563955308,0.48646335106045635,2.9154705299344315,0.29816335232184027,<20,3.6857005927171262,5.675,4.712056382269356,98.2
6404193c-f3a9-4172-8852-d6b157d2dd1a,1.0,pass,0.0,0.0,1.0012440306950021,178.56613231994243,0.13666259772671902,4.869895795108683,1.9089356084673474,<20,8.376063339617408,1.875,8.24475209368026,81.3
6434700c-d35c-4753-baea-445ce7f390a5,0.882341,pass,0.0,0.0,0.7058728683143775,153.67387036140275,1.579405136304147,7.898351419070651,58.85769869330302,45-60,5.831406991995802,1.625,8.659183323216197,88.9
646a328d-b6c4-4e3f-b7bb-0509bed28fa7,0.202254,pass,0.0,0.0,0.16180339189757761,91.2102032499385,4.024645043359477,1.9108299259005912,78.74852100329493,60-90,3.3890316744802518,15.675,3.6506641408447393,87.4
646e6219-5732-450a-9f77-c269b3858e78,1.0,pass,0.0,0.0,1.002721571050788,40.28957870169651,0.268230214040217,1.5457172157192398,1.511376483229232,<20,2.0711203937739193,6.0,4.061588013040957,50.5
64cfbdc4-e2c1-4969-ad12-816c4e4768e1,0.0,offroad,0.0,1.0,0.48756310026107463,183.7267389108859,3.455226337084131,0.1662729079996473,88.67760387709049,60-90,8.823548504585682,3.65,4.352268926834812,93.7
64ed2c79-3b20-46e7-8d88-f2da92936de8,1.0,pass,0.0,0.0,0.9995772032879954,54.90085101930473,0.9039190333742646,0.9299348533756439,0.6138683658576054,<20,3.1760692263564185,15.175,3.781060578158463,79.7
651e79cd-8fd7-4c42-96a0-cb4be9be4ac1,1.0,pass,0.0,0.0,0.9924158822487367,258.6225913632844,3.899017903583779,0.9223364438888795,13.257624385550791,<20,15.246356178290098,3.625,7.9740987993854295,45.8
655544ed-b8a1-4c27-aab0-1435898fbaa8,1.0,pass,0.0,0.0,0.952535722977759,87.6747491881605,1.432900046879489,0.26624208910513714,1.8582648221053004,<20,4.461484500915737,4.95,3.1310373880289766,76.2
655a0c29-017c-4e31-8f6b-e140d9587369,0.540921,pass,0.0,0.0,0.4327364963893662,214.94842549287372,3.269616623235224,12.93980643894417,70.49638607689404,60-90,10.705827664532174,1.125,7.11116386765738,68.6
6575eced-9073-43d2-84bf-2a40d080e812,0.907787,pass,0.0,0.0,0.7262295129153665,80.14420509086032,0.8736841253564361,0.9552089945566071,2.465549663083723,<20,1.91012651655359,9.55,2.906316066722125,86.2
658cc9f4-955b-458c-9531-07c2a6c0c847,1.0,pass,0.0,0.0,0.0,0.0028676484215176684,4.056674968398353,1.4950337927346695,0.013162729081161211,<20,0.00017238529213397288,10.0,4.565454923808964,92.6
659ed0bf-ddce-4bc8-b6fc-5318ca5cbaf7,1.0,pass,0.0,0.0,0.9839780480372298,99.64261484250605,0.15326015490781983,1.009821273844562,1.0105861229482433,<20,5.183916653045573,8.7,3.415708962543103,91.1
65bb845f-a3ef-4490-a661-ff7ceb4f825a,0.961368,pass,0.0,0.0,0.769094191362272,286.3940348022612,2.8700539411482286,0.5951776318424814,73.93036576253824,60-90,15.17615406135421,4.675,7.646778099361903,77.4
65c66b19-c723-4d6a-a3f1-06eeb60f525c,0.0,collision_at_fault,1.0,0.0,0.010940261967098209,65.80820324051498,0.004856661762501147,0.0,57.61706806766748,45-60,2.123808068565542,4.55,2.983342687954011,87.6
6601fe71-5a78-4881-ba7e-eee44cdf65d2,0.0,offroad,0.0,1.0,0.4724397703641881,391.4933295146914,1.6733538502006067,1.9799084181145588,6.538460174689175,<20,19.062926741198325,0.325,5.144495714016394,31.1
66291265-ce4e-4859-80b7-d4f3dd85a970,0.37348,pass,0.0,0.0,0.29878388771972536,143.1394153884813,0.0940019594956605,0.0,18.8087308835273,<20,9.304926384774795,11.35,3.1030070411222783,75.8
666e32ef-8af7-408a-bb25-f5b107f53a45,1.0,pass,0.0,0.0,0.9398073150940309,101.10680951629064,0.47020814142677747,1.7539810597378773,1.9138757449528077,<20,4.493927418288835,10.55,4.201097085957832,74.1
66acf18d-ae1f-49d9-b0d9-88b8f85a044a,1.0,pass,0.0,0.0,1.0012057429585437,251.18041230736432,1.631496086797404,0.33029339271332564,0.6294124282003912,<20,13.902427501517247,3.3,3.302085247043122,67.1
66b15fbe-cae1-4e82-a592-2ea55b56dd93,1.0,pass,0.0,0.0,0.9709865162327458,174.43639697615927,1.5525655194375292,2.1959692136216336,2.3321512085482934,<20,9.269815536691688,3.775,3.1545120878630417,57.7
67466fc2-53a3-4654-9c36-fe9e850bcc70,1.0,pass,0.0,0.0,0.9574236089173809,220.15847411092815,0.5453893497776893,11.741809471406068,1.1149540648586294,<20,11.13748979763265,6.825,14.397478069371395,74.4
6768cfa4-1a88-4872-8fd0-1669d366a39b,1.0,pass,0.0,0.0,0.9873696780062154,155.9262618686081,0.7939752691592513,1.6653767931156445,1.6765672870880686,<20,7.845357986181902,12.95,4.035740266334523,50.4
67aa7417-6741-4191-8c6d-a1a24e145bb3,1.0,pass,0.0,0.0,0.9967324495388133,298.05599034351224,2.7021397473594653,7.478077852702884,14.472345021786236,<20,14.903955572316466,0.95,9.717992995528867,33.6
67acaa2f-b2c9-4229-91a1-c8d9128431be,1.0,pass,0.0,0.0,1.0018320002297514,451.8049330272079,1.172632537282633,0.7977376483497615,8.810972008125017,<20,22.636627741438552,3.975,3.5784351406506683,76.8
67be5782-eadb-4a1e-8319-d48b6cce7f04,0.0,offroad,0.0,1.0,0.9145288457721941,262.91355147624523,0.9398595901524146,1.1642253187515987,4.616297007887038,<20,13.274341083858925,4.45,3.945096611536568,81.6
67e25d4b-5aa3-4960-8a0c-002ec80a7bd8,0.0,offroad,0.0,1.0,0.22975678318354617,219.40762711209982,1.9424634315091711,5.400784234022052,33.03018399624084,20-45,10.564673306128729,1.05,6.566985056807915,42.5
67e7f1e1-ea41-4e14-85e9-2efa231fbace,0.307294,pass,0.0,0.0,0.2458354691710111,87.23493797120169,4.162111929879071,14.93768493191882,58.741230132995,45-60,3.232892964581268,7.85,17.15398786374914,59.9
6819efbc-d0f5-4498-a997-1ca0355c87fd,1.0,pass,0.0,0.0,0.9722612968765951,200.21878591936743,0.8492061807186224,0.6839826443000943,1.770328918075662,<20,10.06945758650327,9.525,3.7456700527385896,92.3
682d1fe7-7c6a-4c03-89f2-77be978c5cd8,0.832854,pass,0.0,0.0,0.6662832710451153,181.25408029816907,1.0851379986446146,0.0,49.05725238470106,45-60,8.678070739573982,3.975,9.155892660963824,84.2
683a47b6-a288-4745-9e45-4e66a5ac0397,1.0,pass,0.0,0.0,0.8281991722984066,38.04557943142835,4.365218288050816,4.0352582244374045,60.1888749595118,60-90,1.4275427640755667,3.3,2.9281440319355068,83.2
68706c2e-57bc-4b7e-bd8b-0f4ee6fd6f1a,0.772147,pass,0.0,0.0,0.6177174135679728,241.56609594525548,2.345440346442894,18.172019553350193,37.43454388883937,20-45,12.15325104347074,0.7,6.444925270758128,28.7
689889c5-95b0-42ce-a1c9-f97a4388cb28,1.0,pass,0.0,0.0,0.9113971456100739,99.64054362625942,1.1750342679163108,0.968645549454841,2.566541102300029,<20,6.659300458683471,9.425,3.592395557061182,76.1
68a89a54-8076-4c76-988b-33d45ee03b48,1.0,pass,0.0,0.0,0.863510934480777,14.968218657890953,0.43365971290377214,0.0,8.8145906812039,<20,0.00459821045652069,16.1,3.430264940841965,70.3
68abdefe-bd54-4b5e-95c6-a2e2eba6f51e,0.339116,pass,0.0,0.0,0.2712927672627418,119.26076925150227,4.645408141124853,1.3504180828997627,103.20929850203822,90+,4.440287868113803,3.325,4.1483798600747654,53.9
68e80e25-fba2-45d2-9347-791842ec061a,0.29696,pass,0.0,0.0,0.23756782155874337,442.10805563699734,4.066810276155496,3.5527234734114623,22.531796266541914,20-45,22.01125569028535,3.3,4.040915978006807,26.8
69b68ddf-e7f4-4cde-baf7-b4416d367385,1.0,pass,0.0,0.0,0.8476115344331936,514.1557410231486,2.0838596105237612,2.1077636154186647,3.4280976084774366,<20,25.927956964000472,1.2,4.577519692640805,42.5
69dd5202-7f15-4842-82f4-82a16f5a01d5,1.0,pass,0.0,0.0,1.0055907202249295,48.261251441613396,0.4152794955780922,0.11598576059889446,4.297672044967041,<20,2.281117958015666,9.15,3.3635905008694613,95.0
69efe005-e461-4758-b1cf-ce685de7888f,1.0,pass,0.0,0.0,0.8259580429038278,60.43057163792856,0.6816666886980983,0.3341800430405647,1.2410680210939784,<20,2.311109878864132,19.575,3.0455633222854717,85.8
69fc21e8-6faf-487b-806f-1d24654805ce,0.403684,pass,0.0,0.0,0.3229470409820427,598.6768853623734,2.8683753032845694,0.0,3.138489588661006,<20,30.190322320017426,1.65,3.9325646546003794,73.0
6a1fa487-9df3-4e05-bb71-b06cf3e7f8a1,1.0,pass,0.0,0.0,1.0026750761317413,311.2216855959536,1.6696564201345545,3.2390838508831057,2.3784176683924443,<20,14.541063066324849,3.8,4.826343430384412,42.4
6ab146ad-75c6-4cd2-b7ac-4a306dcb01f5,1.0,pass,0.0,0.0,1.0033088753812605,267.77304599336543,0.4496151933796681,4.953202461698407,2.927763089468372,<20,13.257768198098859,4.225,7.048775078497338,89.2
6ac28ce5-ca21-4610-9f25-ddba46d91d51,0.217849,pass,0.0,0.0,0.17427905595749849,93.28953995165377,2.5777783501680167,2.126965540460735,75.1373278679497,60-90,5.352606711636932,12.8,2.9717335324322214,95.0
6ac8beb2-067d-4677-9b34-19fe7e67e852,0.0,collision_at_fault,1.0,0.0,0.6554810436158014,91.17307756244176,1.0961011083339318,0.0,11.64912523704237,<20,4.730788160546441,16.125,3.1200566495613065,74.8
6b4ed79b-f9f3-4c1f-aa57-2875a72c2a7d,0.0,offroad,0.0,1.0,0.7234494422372487,88.10882235959315,0.859878978437822,1.9370537040708038,6.551347798456092,<20,3.1186761651848167,6.65,8.250187766670633,75.3
6b986b30-0b06-4747-a29a-811a7a067cd2,0.984072,pass,0.0,0.0,0.7872577124161233,228.7309852689218,1.365439368073575,0.6215217032831446,18.55819715763316,<20,11.13793871048503,8.55,3.0063537561836826,56.8
6bffbe09-1e0d-4ac3-833c-ca6178346e76,0.464432,pass,0.0,0.0,0.3715456490129607,117.96709558896342,4.05751816094498,1.9542069792013923,99.79321406853461,90+,6.11101894266311,4.575,4.27909622718863,68.9
6c0a56c4-6bf3-4a15-97a2-e0479680998a,0.82493,pass,0.0,0.0,0.6599438723619927,168.02727146074332,0.31856240498607113,0.0,0.642217185374362,<20,8.34809522395316,13.475,3.235777776192149,91.9
6c5add5c-f597-499d-b1be-07017d77d69a,0.359732,pass,0.0,0.0,0.2877854371412592,140.10435147190395,1.094262169539502,0.0,64.94656902222374,60-90,7.15689224571919,3.075,4.128453818461981,89.9
6ce9587c-acf1-4b80-824f-d198213caeab,0.432012,pass,0.0,0.0,0.34560996806169464,101.96665053366507,0.1418932176225115,0.0,74.62161143442569,60-90,5.925200970811644,8.075,3.8330656533793346,95.1
6ceb65e2-bd2d-4294-a244-3e48fdfb05ce,0.992696,pass,0.0,0.0,0.7941570006986376,152.57474229023208,1.6351075695848396,5.698417662004292,69.90716415483796,60-90,7.858191313004518,0.675,5.619904452813526,69.3
6d268a11-8a3b-4cfe-ac96-ffcb3e543e64,1.0,pass,0.0,0.0,1.003038689759424,256.5744226549175,0.5350876139834176,4.5313332627406835,3.5030255021595234,<20,12.76114758539352,2.725,6.78922244849843,89.7
6d42246a-5be0-4160-a7da-003a1528496b,1.0,pass,0.0,0.0,1.0097985047319442,106.21288926739183,0.7446703273645829,4.939593402192599,3.3668170301657527,<20,3.231106065347816,0.3,7.32710660320255,69.1
6d7fa4c3-3b8b-471b-a816-38ee281aee5e,1.0,pass,0.0,0.0,0.9858881357459983,331.51868259856985,0.5763752917599742,2.5552009687960298,9.958797841216086,<20,17.030928189761156,0.25,6.66809600255655,18.6
6d986fb9-6694-4570-910b-d8bf4ffa8550,1.0,pass,0.0,0.0,0.9496475187823458,160.46880950882525,0.25551679252332765,1.653871467539559,1.4507902771888785,<20,9.621040175114373,5.75,3.788423582052041,78.2
6dab4ce7-1dda-4a3c-8692-b92c50ee69c0,1.0,pass,0.0,0.0,0.9774246881418739,262.3356939980262,0.5185189792758158,1.2428597971578978,3.1877032890709227,<20,13.17387528327278,12.925,3.3075706241284815,91.6
6dcd2117-4204-4bc4-88f7-4373636a830d,0.197842,pass,0.0,0.0,0.1582735529711631,154.2611064949138,1.0004140619530635,0.0,48.03052894512176,45-60,7.923690015640407,4.0,4.718719897158005,65.4
6dd0b533-cb90-43c4-838e-518e84487751,1.0,pass,0.0,0.0,0.958162373158934,260.09757943819903,0.5961566564063008,0.7711607744938516,5.278219191402532,<20,12.944253115852014,9.425,3.2972186292071073,93.2
6dd219de-772b-4c1b-bcdb-14c9089bf8ba,0.0,offroad,0.0,1.0,0.6378265569702969,566.2383703547981,1.9138203277724557,,5.854967309534496,<20,28.410481364647815,0.0,60.86788920436913,91.0
6dd87423-39c7-4247-89df-35da5726f464,0.0,offroad,0.0,1.0,0.11832271584294654,290.50285931277665,1.8627726981667492,,71.63836658130815,60-90,13.264019280358944,0.95,14.169938486997829,32.1
6e190b33-73c2-4958-8448-db999b871a78,0.920329,pass,0.0,0.0,0.73626301099676,109.95309642536243,1.786997769820009,0.4031628878911369,7.061733211227483,<20,7.190295262276025,0.65,14.707733254147794,99.5
6e45ad8a-1c94-4466-bd54-25c1fe9c0858,1.0,pass,0.0,0.0,0.9799742868040895,392.9247144574273,1.408357854647033,1.0349134936703692,13.35734052953467,<20,19.787380354642927,3.2,4.175454728945947,72.8
6e9750c2-2884-4b93-809d-4d7c77adf2a6,0.699259,pass,0.0,0.0,0.5594074836808125,295.5631655434485,0.2724319644075525,3.924358486766957,9.488167276524317,<20,14.684087935106705,1.1,5.927252546461047,32.8
6eaeeb45-84cc-462d-90eb-901fb69f368a,1.0,pass,0.0,0.0,1.0039244962520766,226.5715082286439,2.3393994043044257,4.6042315581536855,58.130734695446684,45-60,12.35430118437432,6.8,3.128080910988772,81.6
6eb099c6-e0d0-4258-a47c-64d730f72ce8,1.0,pass,0.0,0.0,0.977153514108056,640.992624259512,1.7809733280906703,0.309758867323346,2.236091937848185,<20,32.31499227494987,1.2,4.674130960978491,47.4
6ebe4172-4c2f-46f4-960b-3bac0e5d0a9f,1.0,pass,0.0,0.0,1.0033570263105127,307.1128777573731,0.6114567576266492,1.6650214595179686,0.9979718497532976,<20,15.331450908570476,1.95,4.15727526308441,27.8
6ecf04c0-e3fb-439c-bae4-2e2393be430d,0.644945,pass,0.0,0.0,0.5159558307164478,171.41477563155252,0.3776894166754054,0.0,45.62950530244201,45-60,7.70652252821795,3.2,4.905943327364076,86.9
6ee9ee78-cb61-4a1c-a45f-2d808f311c7f,1.0,pass,0.0,0.0,0.9343681479167393,94.51174762687526,0.7161814618258339,19.561055625824288,8.215658992316559,<20,5.195482177546895,1.625,9.269527455196314,67.7
6f2fb06e-59df-4ad1-8854-594288096989,1.0,pass,0.0,0.0,1.009694832791184,30.07453094620795,3.3305570586840254,0.3523076922533397,7.484197135462457,<20,1.4749923258295667,13.075,3.169937992322958,72.3
6f34d20b-4c3d-48e7-b7bd-e29208915358,1.0,pass,0.0,0.0,1.0029088030639435,508.2119002155807,2.6841112622958354,2.604346219337492,1.4331537274119976,<20,25.44558075213992,0.225,5.920544989863069,85.7
6f3be572-0c6a-407c-b9fa-136cce998e3c,1.0,pass,0.0,0.0,1.0015725789341288,40.21939405142167,0.9453542121400066,0.9634034770488721,0.11277607543326859,<20,1.7036993130547526,8.45,4.763289392585953,68.2
6f57aa31-71c8-4226-8d69-029016b33405,1.0,pass,0.0,0.0,1.005492648366857,14.056778136159739,0.1024857789072278,5.047869454009601,0.27602387256982386,<20,0.9797871812995913,7.1,8.341422795414655,67.6
6f753444-df7b-4015-ae38-ee691d6e8be4,0.342982,pass,0.0,0.0,0.27438549779832455,168.18378403991372,0.028636919892146295,0.0,39.347554656274944,20-45,8.310496887088396,21.35,3.221758606373797,96.4
6fc87bb8-794b-4884-a1f8-50193c9b6357,1.0,pass,0.0,0.0,1.0030696088981945,527.9535885116653,2.078531796959298,2.37414915033576,3.340849441033419,<20,26.35913390195347,1.125,4.080455080631894,20.1
6fd8cf30-6ccf-4dad-9dee-14df4a9ba97a,0.669863,pass,0.0,0.0,0.5358901263782633,103.43906706291165,4.071309658803343,0.6028982134427756,80.2953020332851,60-90,4.565408124068875,20.1,2.8118301987114322,70.8
706f3a65-b118-4745-862f-50936cc68463,0.0,offroad,0.0,1.0,0.3118360732638517,143.4559216214122,2.227573623654318,2.668363682946898,65.30975906670295,60-90,5.669728663051758,3.975,6.855861868314725,67.1
70d535f2-bd5e-4028-af69-b1c1c0b41602,1.0,pass,0.0,0.0,1.0003889055223973,342.98568756161956,0.6276076075816455,1.9308004875073588,5.258921599937763,<20,17.052466733411308,1.45,4.628268467340895,72.2
70d557de-49a0-4385-990e-367d72d5eb3f,0.0,offroad,0.0,1.0,0.9685998739050787,529.8230799895526,3.0415673779524752,9.022607454527803,1.1535650660802883,<20,26.963183478560488,1.35,8.894174117795862,93.3
712f7dd5-0982-4cd0-b532-75127ce45d0f,1.0,pass,0.0,0.0,0.9116962079501586,187.01518559877417,3.7991192692361264,0.22065446791029902,5.936882452420485,<20,10.420816586570094,9.225,4.86775854001601,90.0
7137a5ee-1760-49b4-9585-82e137705fe6,1.0,pass,0.0,0.0,0.8072163754339864,209.77954062980936,3.3774787771954906,5.493836037146878,27.869603559543453,20-45,10.5167915468902,3.3,5.151115888216306,63.1
71473118-103d-481e-8752-f6f27ffc9fa2,1.0,pass,0.0,0.0,1.002733406285711,85.6972726931676,0.1982827467989762,3.1891304109191423,0.6734264224924138,<20,4.418160495019282,6.425,5.213761095371358,83.9
71550ab1-3b47-456c-9102-f50e9a7841e1,1.0,pass,0.0,0.0,0.9596658728330114,657.003925292011,0.9209486395253004,31.630335442947384,0.79594611313769,<20,32.8027101076849,0.0,999.0,19.2
7171354f-dced-498b-a50a-545c053c7b0e,0.623085,pass,0.0,0.0,0.4984680173900933,189.16639291547156,0.4183970877755044,0.0,3.997125567142297,<20,9.436896378002587,12.85,3.2881405724558284,74.5
728e01db-8443-4107-b9d8-7545902a5ca4,0.0,offroad,0.0,1.0,0.33767620576243673,242.7594879303015,0.775690890540826,3.1873270271764818,82.01976710189987,60-90,11.95746453707058,0.275,5.594798573524318,86.8
72ac5d7c-4420-4d75-905c-815e9d23bc2a,0.710837,pass,0.0,0.0,0.5686694731105216,171.45147454467977,3.811341692579107,6.565362046193267,115.36290236691698,90+,7.984223086883101,0.325,21.65007443993316,91.7
72c981ea-6ad7-4b10-b117-ea4d847b5d6d,0.953652,pass,0.0,0.0,0.7629215505612909,186.29670910477327,1.759934513073691,0.0,17.046560171466922,<20,11.734920711435324,11.1,3.4976178176006645,81.8
72cb4b63-16d1-4004-b82a-b1cba0c7c148,0.705545,pass,0.0,0.0,0.5644359317131463,292.50572724555286,2.2620687184263475,0.0,80.27830978530609,60-90,13.645615661749588,0.95,12.493067535142284,80.8
73356b2a-e06f-43f8-9a5c-64e8b65a5923,1.0,pass,0.0,0.0,0.9907659286033238,512.2787088958753,2.037509334105492,1.057674754978573,0.6031426365741964,<20,25.597667135983183,5.425,4.118624964848864,79.5
734f6aa3-f1db-4eae-abed-21a1773335aa,0.0,collision_at_fault,1.0,0.0,0.0306220537116298,74.4624267178798,0.028629667832281814,0.0,0.9249504838651024,<20,3.02125237363569,19.45,3.1512926364849343,88.9
7381c9fa-1857-430f-aee9-22c59685656e,0.211929,pass,0.0,0.0,0.16954355552935332,60.70761140791381,1.4585378813158494,4.490828457966534,79.198875583889,60-90,3.363343940316982,22.4,2.756680937403443,90.8
738c453d-7196-44ef-ab43-75c719834c15,1.0,pass,0.0,0.0,1.0086359375739664,87.33137512590068,0.668468565993915,1.1241279341878645,3.568848338090376,<20,4.442018860567128,10.075,3.527825263360417,71.1
738f3e44-120e-4a27-be44-b114795ab3cb,1.0,pass,0.0,0.0,0.8163726754366177,107.42734236740229,1.3424500017175842,0.5299527541501736,4.108943245159466,<20,5.951071478260633,6.4,3.5254314297574507,70.3
743997a7-f90e-44cc-873a-2b4f38496ea7,0.99798,pass,0.0,0.0,0.7983837062353705,454.7212258894981,1.4833556430892483,0.0,3.38969975474924,<20,21.260410647081365,4.325,3.826992237188663,85.6
7475c381-6a59-4404-99d9-e74c0ed54d0f,0.473658,pass,0.0,0.0,0.3789260218474898,176.70545582768096,0.1629935076218833,0.0,75.10160787756975,60-90,8.29004417204524,5.5,9.885439631781004,104.2
7481112b-92cc-47f8-991a-b01a46dcc947,1.0,pass,0.0,0.0,0.997712921106569,169.3393397428906,0.556943556164337,1.0993576494209023,1.8048841134973064,<20,7.1681407507328165,14.225,3.4992664209044535,82.6
74a670cd-ee9c-4344-be08-119a7fe25c38,0.61427,pass,0.0,0.0,0.491416071373305,590.3533097895343,4.001399420253105,6.561641518527375,0.5257833766201853,<20,29.532449648565127,0.85,5.73706778496863,96.0
759cd77d-2a93-40f8-a1c1-1c20684470f8,1.0,pass,0.0,0.0,1.0028019856103183,488.1477475074224,1.7977801017067896,13.396207432738715,0.91493999924793,<20,24.520148723275998,0.475,14.13087973800935,31.2
75ad7430-58e4-4a6f-bc92-0b545db3aff6,1.0,pass,0.0,0.0,1.0012628154950232,0.0016569832481555325,1.34727508482829,1.1849081149000076,0.00939602114204757,<20,0.0001010105319378467,10.95,3.336467634484927,81.7
75ad98a4-a2de-4eb8-be40-dadfa0d10351,0.0,collision_at_fault,1.0,0.0,0.031600120769538186,50.48858501489165,0.04545592473451307,0.0,0.9716221231096446,<20,2.470881206074992,13.0,2.926657062173178,88.0
76045d81-bc69-4208-8c7e-de805f00f7fb,1.0,pass,0.0,0.0,0.9978942487340416,8.74675511194511,0.5001996398763098,1.3160614075976078,1.2475197264387807,<20,0.0009651414977612456,4.35,3.285466810582663,95.7
76353421-34fc-457e-b3b7-56e5989a38a0,1.0,pass,0.0,0.0,0.9993738044472203,31.784176625572346,4.037893783149139,0.29202388687463166,17.28108812496367,<20,0.6726315066249721,8.95,3.355637857994989,82.6
764c8a4a-bddc-4e3c-9df4-0941982efeba,1.0,pass,0.0,0.0,0.8909372926165698,405.63683008092653,1.2324972246639432,0.7148175037941105,9.49940018424204,<20,20.19731772254859,0.075,4.795729725497027,96.3
7652eb53-0bc4-4f3e-8fd2-d24e84b7485c,0.0,offroad,0.0,1.0,0.06713464618946464,118.8960380943062,0.0023070361713291234,5.907234138777998,89.08984239392352,60-90,5.941597741821585,3.85,3.2958734349748027,76.4
7685e516-96ca-4656-a545-7e08b9a7c60b,1.0,pass,0.0,0.0,0.9436950678729679,566.8114149235063,1.5891792740901574,1.0768610514736905,12.712160830358933,<20,29.02345067105032,2.325,6.096569583588868,85.7
769e6724-8826-48fb-8c44-5e40ff19540b,0.307037,pass,0.0,0.0,0.2456297252062276,85.22221072488647,0.9554015070815162,0.0,23.27831158713884,20-45,4.407832141850627,10.525,3.3074128192710854,79.0
76bb09d6-53a5-45dd-94e8-7633737400c7,0.0,collision_at_fault,1.0,0.0,0.8297993352288594,105.24446226465659,1.640414347956059,0.0,2.3826523063262806,<20,5.262421632474005,14.475,3.8232921770405026,87.6
76bc2969-e4a8-4882-ac08-c9eaa0ea66ae,1.0,pass,0.0,0.0,0.9675213174733861,175.26419108544957,0.6323382035520315,0.5402108068815161,7.275107622867528,<20,9.674981762192534,11.7,3.0078552425414777,66.9
76c2bb81-6435-44e9-859a-2033ca05173b,0.0,collision_at_fault,1.0,0.0,0.293856705799136,69.38352286614906,0.1998873048436174,0.0,8.807905307624056,<20,4.431273585004749,15.75,3.175428748469921,87.7
76f7e025-e86a-47d9-ba21-f5aa5834322c,1.0,pass,0.0,0.0,1.0051607910978344,108.47877057237638,1.196101967136558,2.042535274782118,5.077304043269999,<20,4.238211419247096,9.875,4.884494589680431,86.0
7730a792-87ce-43b8-aae1-eb02b3ae56dc,0.479988,pass,0.0,0.0,0.3839905281148226,119.73623503121486,1.3207823737253193,0.0,88.66259194649284,60-90,5.776142254160238,2.825,5.2420560802159235,106.0
7747986c-9aae-450d-b10c-b7c42b882c68,1.0,pass,0.0,0.0,1.001941304229094,88.99964552050061,0.5179634006259554,2.1441613477547588,1.582236430399665,<20,4.09297875946432,5.6,6.268265401188216,77.5
774f756b-9f5e-4305-b014-3fc5f80cc7c3,0.689947,pass,0.0,0.0,0.5519578068572973,285.2899261169651,1.0802603364849421,2.8020231107966938,43.96880500130252,20-45,14.014765491690078,1.975,4.846684273131651,31.4
778a7121-b3c7-4943-b327-9ad4f965eb7e,0.0,offroad,0.0,1.0,0.08222150669993003,211.9607747589228,1.8033661644597385,8.746740543030759,97.47522649311487,90+,12.314759853563805,1.2,10.979634056520178,94.7
77a9ad17-793b-47e3-bb68-de122122dca8,0.658466,pass,0.0,0.0,0.5267728491782802,571.6861582835597,2.1694513099933883,0.0,6.904515416602129,<20,28.2830486754447,2.0,4.261390919718643,81.5
77cbeab5-c0cc-44bd-a895-d45462130d2b,1.0,pass,0.0,0.0,1.0023560639591702,444.5004524035357,1.3274204892288577,12.59161814640222,0.6426162965674004,<20,22.856528097021336,0.55,14.361045808215446,78.8
77d5887d-637a-40c6-803e-a498d10cb2de,1.0,pass,0.0,0.0,1.0070673224240096,84.92320741917962,0.9730314351814299,0.46001539171567246,2.2278167914495186,<20,4.533490408840214,6.025,5.349077020996958,48.6
77fdd75c-f770-415e-80cc-1ba9c52c4004,0.0,offroad,0.0,1.0,0.11146009143692358,262.50745331620186,2.442191058129097,12.697137541231578,94.62117030512273,90+,11.723501743885016,0.875,15.1273758079116,32.3
780ece49-d8cd-421c-93e4-b2bce57d27a0,0.992219,pass,0.0,0.0,0.7937751959052863,192.08493131457436,1.5434314530504623,5.420879612969658,10.146653920230296,<20,9.729163311873858,3.85,3.8594370338757327,96.8
788c4ad9-54b1-45fe-9b41-9e7dff82b0cd,1.0,pass,0.0,0.0,1.0058261092719587,146.8819249077826,1.7577487442715674,0.3248344319961622,2.865778253406983,<20,10.114062529056914,5.075,3.9990756925357016,79.4
78c4ceb6-d3c3-4653-9316-55f8cf3203d5,0.0,offroad,0.0,1.0,0.5154512778365132,72.3661909950606,3.4567565497831616,1.053572167014135,86.52266748515524,60-90,2.9645539539059276,27.625,3.248224552659612,72.4
78decb2a-0d84-4cf1-bc1a-62bade0938be,0.484443,pass,0.0,0.0,0.387554121333297,224.29108421268307,1.257458564963469,0.0,22.166535998561773,20-45,12.219249951019577,7.75,3.4665058858822793,89.6
78df3a2c-80ad-4476-8d12-202099660490,0.928366,pass,0.0,0.0,0.742692833547593,61.24691845403786,0.5003717896900364,11.548254504322596,73.41495710613412,60-90,3.588980861809366,1.125,9.665798595413081,80.4
792df0c2-570d-483b-b900-5aa938308152,1.0,pass,0.0,0.0,1.0041004799270596,234.04243177384703,1.2664963880448201,16.192846591078766,1.1847432448084474,<20,13.322327254450995,1.125,10.534853007641436,72.8
7963a932-3a44-4f10-a3f9-b27a40d85329,1.0,pass,0.0,0.0,0.8541621816471212,128.32108197747354,0.8813594221352969,14.577441358705054,0.5484550049034648,<20,6.010061444283339,2.3,10.894267024540564,95.7
79919eb2-72c2-440a-94ea-24754fcad0fd,1.0,pass,0.0,0.0,0.9881224056127126,75.8584101388457,0.844472605008414,0.4800061761086345,8.288176694652217,<20,1.0041179875027895,7.6,3.3977890305538856,85.7
7a1bbffe-e7b9-4a4e-b96c-f9f7c3e3655d,0.437591,pass,0.0,0.0,0.35007315584120036,259.3225312571904,4.0180033953746825,2.2394209716034434,24.129976229061093,20-45,13.170452560294848,9.175,3.704598998344746,72.6
7a388039-5b34-49b8-a093-60f9b5687aa2,1.0,pass,0.0,0.0,0.9711235199238595,325.28184537598145,1.5092424897574763,9.556417267554327,2.757218176999355,<20,16.506093882031642,0.9,13.914603026719846,22.0
7a4272ec-f67d-4c51-835c-357a3395efcb,1.0,pass,0.0,0.0,0.9882703528555075,20.26486775023766,0.021877312638755676,1.2132369818288673,0.1064514524286489,<20,1.1308452106759785,20.925,3.429317351552052,95.9
7a824ffa-5404-478b-8f20-667d342cbc69,1.0,pass,0.0,0.0,0.9118940694324431,50.69986257270587,1.189324082249871,0.36449887348026705,28.75632458442555,20-45,1.9402336354811323,8.125,2.915660929716049,96.6
7a8d8d03-c3aa-4719-9d61-1e9545bc81f5,1.0,pass,0.0,0.0,0.8407841490858005,117.36272793872789,1.7414675316246877,1.0163580896110227,62.303373607244104,60-90,5.823045688611605,12.9,2.9322944071197234,83.8
7af57594-a144-435c-b438-ea9cac7f6301,0.0,offroad,0.0,1.0,0.5377972646753111,553.3955336802594,1.210240125877905,6.396547005230865,2.826725040142871,<20,27.70082098593292,0.925,6.586686416789702,56.9
7b403b05-e309-4dfd-b1be-4fa98fb3c3fa,1.0,pass,0.0,0.0,0.9761564675824763,75.21517490575225,0.4190799121520224,2.3021710907040847,0.5473357206307716,<20,3.771281016458042,6.075,5.143489407200283,81.9
7b418416-8860-46d5-b7fc-687c7d078c4b,0.237958,pass,0.0,0.0,0.1903667562840723,142.77123447729034,4.090876501156155,10.538480255599405,84.35215220223456,60-90,7.976154457002554,6.775,9.579051747619978,87.7
7b5c9fd6-3bbb-4843-b9bd-5429ea0c2c39,1.0,pass,0.0,0.0,1.0083371928407903,69.41219647611986,0.49451909652017323,0.7570807464278688,3.879536141732857,<20,3.0010109137680017,8.35,5.8323681312983915,79.6
7bb27818-10a1-4692-9867-dee640e00277,1.0,pass,0.0,0.0,1.0022320548429502,494.53927909877643,0.6619444679638685,1.4147630249228067,1.7057226251097657,<20,24.738464109685843,1.475,3.603535921659818,25.9
7bb5216b-4d92-466a-bdc6-b6d2f2c34348,0.73439,pass,0.0,0.0,0.5875117477093882,52.95992425561316,4.167656417952945,1.4992723189424837,68.700996325119,60-90,1.6800265419038252,18.575,3.042845938482717,92.7
7bc74f9f-3732-4d08-9e13-3f78da39594e,1.0,pass,0.0,0.0,1.0066383227278906,56.3850762264595,0.5667252844120632,3.040561958452207,3.186428688125665,<20,3.1971051923780514,2.925,5.103199874158686,75.0
7be39bcb-7909-4944-a468-1e85bbb8465b,0.0,collision_at_fault,1.0,0.0,0.050166341097430796,56.12346169845175,0.053121445903831624,0.0,12.641746949444485,<20,3.655770959527432,16.475,3.570078561990305,80.6
7c223679-68fe-41f4-87ee-fad337ca4752,0.347271,pass,0.0,0.0,0.27781646722063064,91.83069956795798,0.31906526169711025,0.0,37.960401850976275,20-45,4.776003284168037,14.3,3.2262212636773486,90.3
7c2cf6cd-e19f-4309-991c-1122ebd4e642,1.0,pass,0.0,0.0,0.9966152178199076,566.5547293567023,2.6647029409854155,3.305029369659877,1.7473588117157868,<20,28.28518557709928,1.35,3.714870144620952,89.0
7c31c021-4616-49db-8baa-e9128a25933e,0.0,collision_at_fault,1.0,0.0,0.0888636148576107,70.27191559743277,0.35938110505648396,0.0,75.67600153506058,60-90,2.1662797351222385,2.8,5.444358691357988,78.2
7c346fd5-4223-40da-8785-c49fe69f06a1,1.0,pass,0.0,0.0,0.9767689641204397,474.23969217181735,2.0019363030191117,1.2966141741290607,13.764997508376414,<20,24.335021583023853,2.9,5.634792112771049,64.6
7c6529f6-c6cf-465d-affe-b2bb30f3716d,0.607777,pass,0.0,0.0,0.48622177575061487,12.689734800257382,1.330185624407212,0.6758420999263912,18.759265591518943,<20,0.14795574710589068,5.85,3.550588168007587,60.0
7c72937c-c620-4776-9555-d57222c0081f,0.0,collision_at_fault,1.0,0.0,0.030610725585214604,127.70036689154337,0.02958405664574276,0.0,110.9065403468881,90+,5.770608196101725,10.3,3.4291563729266916,99.1
7cba46df-8fb1-4d73-a8f2-9d3a1db75718,0.0,offroad,0.0,1.0,0.5319622297084757,557.8740113156632,1.621630723109278,94.47530204511916,0.490243447573994,<20,27.826909016801213,0.0,46.12230591005298,16.8
7cdaa72f-1603-4cd2-a87f-dd27e14a8f3b,1.0,pass,0.0,0.0,0.9882334171811071,326.9749428746543,2.2764548231051247,23.56096835451412,8.378960785966663,<20,16.431202095577852,0.275,25.68672863919807,48.1
7d16a9a9-e4c6-4cc1-be75-507c64b0bb90,1.0,pass,0.0,0.0,0.9431252903233023,41.771781501979184,0.0846057239939454,1.2793062699313797,1.6473187758313024,<20,1.0209876410743752,7.35,6.375055640256522,96.7
7d257301-a9d1-433b-8f08-85023a4d0fac,1.0,pass,0.0,0.0,0.8270478061133284,96.84236987581878,0.28089630360344064,1.1434262451644357,8.080971071199379,<20,5.5597952882476,8.45,3.1231004240312186,40.8
7daa7410-5f82-43ed-b79f-c9e4a3997563,0.0,collision_at_fault,1.0,0.0,0.10255498821557452,100.8999665781628,1.3917991847454894,0.0,84.3577686435193,60-90,3.769682824815524,8.35,3.3350240233179926,78.7
7db87a26-d589-4212-85b9-dcd4c565f41d,0.0,collision_at_fault,1.0,0.0,0.3306731524501928,102.7114016254278,1.8301191875882061,0.0,73.26540024445265,60-90,5.761779357795361,18.325,2.704399484140483,76.1
7dc64687-ce97-44f3-a5cd-ad99ee3bf0a9,1.0,pass,0.0,0.0,0.999982796114844,65.48100691081483,4.111709011776436,2.917561294916975,7.8503686212380455,<20,0.006427676495993325,4.125,3.779841967738405,92.4
7ddc6709-99d5-49be-9f8e-5e243e025111,0.946994,pass,0.0,0.0,0.7575955138806275,144.29966435625803,0.24203175526174858,0.0,14.688110131561501,<20,6.753591061411594,5.8,3.1337235886119768,86.9
7df3ad1a-d712-4dda-9e6a-c670e58ce4e6,0.899403,pass,0.0,0.0,0.7195224662251025,219.83023552610734,0.5000846610992554,0.0,5.804651620021486,<20,10.367671274672972,17.95,3.1823172343705477,78.6
7dfc8de4-5e30-451a-9ba6-30ad751bf791,1.0,pass,0.0,0.0,0.9014736855589564,141.40305974146344,0.5253854176888789,0.8119103162914646,2.2248542650959466,<20,8.210423504970194,16.2,3.273084014755277,73.8
7e27eb97-a5db-45f1-bac2-3a62089c1183,1.0,pass,0.0,0.0,0.8462517368582559,645.9533709266967,2.9863426838370173,2.110800128282335,5.798371980429382,<20,34.44459242888007,2.475,3.93737445212004,88.1
7ee3f88d-0da8-4e7f-a0a2-e2798392cb34,1.0,pass,0.0,0.0,1.003877107422817,510.54103767363233,1.9727738664099153,14.409480993228556,7.1402948715304015,<20,24.752864188492733,0.625,17.320758453056527,19.4
7f34da5c-9ef6-44a9-a5bd-194adbbd3b31,0.172466,pass,0.0,0.0,0.13797289495017304,215.45680484216143,4.113772252670669,2.4083128584487987,37.098821034455426,20-45,11.036835513316616,4.0,4.05334555757915,85.2
7fd4d554-b155-45c6-a46a-646486029d85,0.365421,pass,0.0,0.0,0.2923365396277171,74.18952515081311,2.741277471356478,0.06356711501290435,62.13769094101577,60-90,4.0586573613603285,5.125,3.794112797661754,93.6
7fe7c6e2-390a-47a7-a986-693da0880574,0.0,offroad,0.0,1.0,0.2037452792594594,405.0149532277577,1.585720728857808,57.65355137391662,41.068461679922656,20-45,20.2948235670669,0.05,11.020287545890177,16.2
8022db31-29b1-41ce-af35-79fc2e240d0c,1.0,pass,0.0,0.0,1.0026488621939,356.3378040115243,0.6612064246414587,13.986432176605373,20.06709025514,20-45,19.62160953529482,0.3,8.653686677657051,70.4
8023dce5-c512-43b2-a946-45fa7c19ef9d,1.0,pass,0.0,0.0,1.0003488542510959,23.44248195818989,0.17449893741300074,1.9188058238554284,0.6902076345810558,<20,1.506160976776878,6.825,4.505604485434848,98.4
80c97721-b259-444c-89ca-5f6a2a486742,0.0,offroad,0.0,1.0,0.4927646146501801,212.450822943597,1.4698039740752407,1.5240198900586062,85.83409175477395,60-90,11.959275152067393,6.45,3.5289193658045166,65.6
810fb719-b3c1-47dd-9c78-80d606a76ebf,1.0,pass,0.0,0.0,1.005957093867004,105.32050533440915,2.781498381467295,1.2542854177919542,3.509372073869129,<20,7.6490693319585645,14.25,3.488755435751678,88.2
810fd111-9269-494e-8de2-91d82b31fd87,1.0,pass,0.0,0.0,1.0035359429344148,616.8390682019625,0.7264555014152153,1.6338201223462647,1.3301535440455312,<20,30.905703509419155,2.45,4.038428785328078,85.3
8120803d-0cca-49c5-afc7-c87529d87ce7,1.0,pass,0.0,0.0,1.0025942694909666,575.8652508984358,0.6452095453796556,2.044254729394829,6.440804261434144,<20,29.63678876039075,7.3,4.718592880000442,85.1
813e0bc6-9881-46f3-b120-c4123a2f556a,0.871215,pass,0.0,0.0,0.6969722532840149,30.786610193133598,0.5575035599824342,0.2985882772197205,77.8106142849793,60-90,1.1772504113028064,15.15,5.670296388827748,86.2
817c63d5-916f-4100-a503-c2767bcd05b6,0.393731,pass,0.0,0.0,0.31498470140350365,60.01865993081849,4.205652117446601,1.6266378921223863,76.2546361224564,60-90,3.5280844119829156,6.225,4.0503856369245455,89.8
81a1d7cc-9af5-4c01-8b67-9ce038bf03a0,1.0,pass,0.0,0.0,0.9608920664869883,409.5755978289612,0.47305992834852456,13.797595748929384,4.48937450134696,<20,20.784691435265916,0.6,15.341042761576913,93.7
81ab871a-3e46-47b3-8dfa-130917fd93df,1.0,pass,0.0,0.0,0.944242150152508,210.59975864547718,1.0503719088357537,0.8520994736086458,11.71382737384401,<20,11.424516841869691,19.2,3.687395391516674,70.4
81cbd9fd-6f78-486f-8408-8b64478e2932,1.0,pass,0.0,0.0,0.901599532018929,240.74311496179533,0.8437521599212212,31.00344508545377,10.662426099354908,<20,12.553773595863401,0.2,14.913848990861958,60.4
81dc4ece-fa69-40dc-bffc-1f8606e8b3a2,1.0,pass,0.0,0.0,1.0090479323020278,21.744630112701515,0.17451275120453874,0.7385709698168945,1.9318928307722993,<20,0.006797120429133528,10.6,4.460189329178029,72.7
81f9169c-5db3-45a2-a029-d8f5025907d5,1.0,pass,0.0,0.0,0.8795449968264957,162.17774894447692,0.6386943924163835,1.0445024348686343,4.899729678084506,<20,8.729365377860692,4.5,4.561550779158713,67.8
82471d1e-c1d1-45c0-80a5-5f36e242913d,0.764396,pass,0.0,0.0,0.6115164479407921,404.23755782403435,0.6810122161697003,0.0,8.093702572587656,<20,20.349366458786328,1.0,7.777002174682753,51.5
8266c272-9c74-472b-8ccb-fffe911a6e78,0.0,offroad,0.0,1.0,0.9295200427595219,64.65023589431726,3.186371164625508,2.4887268132987193,16.622390582289064,<20,3.201780461285271,2.0,3.4873809348985882,82.0
829c55af-6301-4552-a476-dc6b80e5ee7e,1.0,pass,0.0,0.0,0.941810939006272,598.4664228422535,1.1667811826611625,4.666284511121293,5.278007779370448,<20,29.843013879919685,1.175,6.852432977065343,70.1
82e4a2c3-e9ef-4e63-815d-50dc92ad67b8,0.195597,pass,0.0,0.0,0.15647774894175928,277.8066197500131,1.5765826998832866,0.0,7.341479462992914,<20,14.5610251517642,3.95,3.4026343620489627,91.6
82f505c9-6a41-4984-b72e-1d71254c4bd9,1.0,pass,0.0,0.0,1.000404075377733,140.29310674805345,0.9637113791225338,0.18040517761635447,0.5915742307149779,<20,7.021801672531881,15.8,3.0609368025349735,102.4
82f67f40-acba-4083-991b-f63355300952,1.0,pass,0.0,0.0,0.9905464175379026,733.926817020262,1.3870995007404452,13.68984817262597,0.5518002365180998,<20,36.70211730086673,0.425,14.812466559241788,18.1
83361019-2822-4c0e-9a99-7f316c6f6f31,1.0,pass,0.0,0.0,0.8829416965280119,79.2349325680639,0.3206404313057167,1.0518142760177094,0.7673269850117876,<20,1.663143960030141,1.275,3.6124811554647547,100.0
835f8288-3884-41b4-9f6a-25539170c537,0.275653,pass,0.0,0.0,0.22052208677209986,291.8380848026267,0.27177717249118877,0.0,45.44987266973531,45-60,14.284208988316637,23.95,7.314500082069822,91.0
84130d45-3567-48a0-9238-68978f6926c7,1.0,pass,0.0,0.0,1.001026720937522,479.5975869450317,1.178882427214771,3.0091761640123504,0.8153208031978284,<20,23.935153675131133,0.075,5.819785716317818,20.4
84173c99-9f6f-43a9-8884-6aabcf8311b1,1.0,pass,0.0,0.0,0.9816072777150671,69.69089669609471,0.6288405734634736,1.0087567642137123,0.5590672553984601,<20,4.224193189445416,15.975,3.1951542066793848,86.5
8421b97a-4ba4-4588-bade-b47113d34db5,1.0,pass,0.0,0.0,0.9870991655476955,536.2932222358496,2.6053182763423526,1.5105951607464847,1.8669979007230115,<20,27.119743839739566,3.275,3.791967000488918,34.3
84289264-b1e3-4a3c-bfd8-c0b823cfb955,1.0,pass,0.0,0.0,0.9815742229460784,29.975970542965065,0.4268742025058347,0.379753825834675,0.6040582740906335,<20,0.3370112721222724,7.825,3.1015140826533276,93.0
8443bbe2-998a-4183-8410-1c49fb1c398a,0.640209,pass,0.0,0.0,0.5121668353326158,164.55990168971798,2.104904997187153,1.3662440427442315,24.654360144761288,20-45,7.705083986364505,6.075,2.8905245564971027,76.8
844c717f-dea4-4f72-86cf-92752eceebe5,0.325156,pass,0.0,0.0,0.2601251157393658,159.73487008249145,0.21655647101852835,0.0,6.821066146136539,<20,10.141128303337526,13.9,3.5837221902499223,70.4
8457182d-fe0e-48bb-9411-6638b358ee92,1.0,pass,0.0,0.0,1.0023335219039524,659.9697544724778,3.2477184284733958,16.179122647514557,1.7212580879680897,<20,33.288632557212,0.525,16.952570955061518,27.6
85461521-d2ea-4880-b348-c6c4c42c5acb,1.0,pass,0.0,0.0,1.002338507703294,31.334637535525683,0.10049305499900675,0.7473074431849085,0.39331883943082807,<20,1.5718361494451436,18.475,2.983731761898269,102.3
85a26192-7b37-43a2-bd5d-96cd858cb86b,1.0,pass,0.0,0.0,0.8764409048621131,103.15678826209103,1.14265686337695,1.0213965448162439,41.0697446858147,20-45,5.241962700909162,3.525,4.126550576598094,53.2
85bd8781-683c-43c8-9944-2d623bfe2c3e,0.905971,pass,0.0,0.0,0.7247766601080702,102.62868595161277,1.231974168159427,0.5146979992872549,2.530253828058857,<20,5.378632036098917,32.8,2.916521167202105,73.9
85d736ca-c69f-4c38-9ed9-f5ba4e658dc6,1.0,pass,0.0,0.0,0.9322271656085653,92.6609153257216,2.3400206223354836,0.6079439708977793,5.629586885066168,<20,4.79460564907651,3.3,3.3135235795289093,96.5
86005d5e-a6c4-43fb-9ee9-11283261672b,1.0,pass,0.0,0.0,0.9745740215584455,401.0917684607682,3.7890945307391055,74.6633821965933,11.177150526746251,<20,19.765802919442898,0.0,64.93382753052903,34.3
862841cb-413b-4be7-9544-bc20c41fe22e,0.0,offroad,0.0,1.0,0.6732967856859944,272.1325227026312,0.7957603250151989,1.5855391203461202,6.571037680909662,<20,13.609735679375348,0.575,4.557128186840757,79.4
864ec5ea-9eaa-4d80-a846-8bf5c982f140,0.0,offroad,0.0,1.0,0.958872493901787,18.43283178543786,0.3596742336329006,0.3833060458954984,5.013864748158842,<20,0.8967578150175184,26.625,2.896181932229917,74.1
86de8ecc-d88f-4f44-9766-33a89219837b,1.0,pass,0.0,0.0,0.9859316409602377,18.51241812342987,0.10149641408093327,0.6395123571570619,0.9292497737321317,<20,0.6654241973947105,13.05,4.4706232730785285,75.6
878741ff-3b05-440a-9b54-3d50554c94aa,1.0,pass,0.0,0.0,0.9269662824477808,282.1057137517036,1.1472965879393247,2.2808273799145913,3.628937591394696,<20,14.813879070083715,4.3,4.05967935633473,79.4
87a3b6d4-fd0f-487f-b409-f8ef2fe53681,0.581823,pass,0.0,0.0,0.46545856642232386,432.0132182935699,1.4347996747183396,0.0,30.538166812349434,20-45,21.938620573058817,2.45,4.025508488141045,92.2
881b9dd6-7e2c-4c48-b270-cce2dc790b34,1.0,pass,0.0,0.0,1.0049381003968452,160.0891286019167,0.5072773282432812,1.2890159542493507,0.6378622450240337,<20,9.473798837182768,4.625,3.7621903690711105,60.0
88272099-3306-4306-87da-1ec5ba3311a1,1.0,pass,0.0,0.0,0.9457574887082736,139.45542294855923,0.7054474534030712,1.4927387954196711,0.8431218163083952,<20,6.12188734756208,1.925,5.4096580933514975,46.3
886c4d8b-d611-48d3-9b07-1afb0358ba17,0.991781,pass,0.0,0.0,0.7934245495281642,76.45805513902215,0.8423862917657751,0.0,1.2981991037491276,<20,2.538591235391407,3.85,5.5325068212027855,87.3
88b58348-5c22-41ba-bfb3-981f5efbb2ca,1.0,pass,0.0,0.0,1.0028012769929773,479.421243776807,1.0325838793361382,1.5937407733312416,1.0998240513694855,<20,23.893020840605,3.75,4.106468898995836,70.7
88bbf0c9-9ba5-45b4-bc15-9dca85ca84b9,1.0,pass,0.0,0.0,1.0035269986362985,370.9500927575702,1.0740310299157738,10.772534425806834,0.7470028400346092,<20,18.479809319992057,0.4,10.580618961666584,43.5
8913f537-ed6d-441f-a4d0-31a16759d433,1.0,pass,0.0,0.0,1.0025209200415568,534.9429554065979,2.2504156911909625,2.891190724691736,6.616467223030337,<20,26.507279224559767,3.85,4.079186474540146,37.5
893bf219-95d4-49da-8b04-8b14bf61636a,0.682722,pass,0.0,0.0,0.5461773934328562,339.16577048336006,0.8044366257292773,0.0,80.187937395947,60-90,17.382435171760548,1.55,5.306109410063158,84.4
89650e2d-732f-4405-ab31-9f20473fb53f,1.0,pass,0.0,0.0,0.9635249094168745,132.21726929599902,0.19475001500143937,0.8153181573113206,1.177346789993469,<20,6.219033153287195,4.65,2.892607471578696,85.3
8995a9ff-c92b-4c46-96c1-d94aba91d299,0.0,offroad,0.0,1.0,0.1207610272659602,244.9774458859202,0.13875718143665294,4.239420630955908,32.98735405851399,20-45,12.293954485380056,1.5,3.5728787732542715,81.7
89dca270-b3a8-4470-8d67-e42de4db7787,1.0,pass,0.0,0.0,1.002191155106601,22.670052300157245,4.43332054914541,0.2909437007915964,26.38191589205581,20-45,0.7911701980998561,14.725,3.6851935551295467,87.5
8a365ac2-e5d5-4fd6-903d-497b2225151c,0.0,collision_at_fault,1.0,0.0,0.08174252012701264,128.4693238481928,1.0782514199427358,0.0,79.5632325936231,60-90,6.6535816671684795,2.475,4.623851979320192,67.5
8a7717b2-7831-43c2-a4bb-c22815b556f7,1.0,pass,0.0,0.0,1.0030131384867325,489.7161187976261,2.718188651194795,9.897104561130922,1.8327643264127174,<20,24.83183241443606,0.7,11.786589837532501,47.0
8a812020-cb7b-4189-8664-021a23b4d190,0.0,collision_at_fault,1.0,0.0,0.5527175237853681,190.43240383249585,0.39552073735804805,0.0,2.22618606254976,<20,10.126563869023602,9.875,2.8548490222736396,71.7
8a8cff56-f1e2-4dc7-9683-4f398a5b5893,1.0,pass,0.0,0.0,0.904136463489835,262.5670097101068,3.1641366075160415,0.46397407530014473,44.13765554750275,20-45,14.851918208925861,2.5,3.3246535835895665,77.5
8aae7cf4-01d9-4b65-8f14-132d149c1190,1.0,pass,0.0,0.0,0.9702538838553673,555.7889022952992,1.8853296164444087,120.74223041884773,0.3438248041496082,<20,27.679500447915277,0.0,38.213121719076696,24.0
8ac6bba7-040c-4b11-858d-4d31ca0e4224,1.0,pass,0.0,0.0,1.0074731322571933,62.13122398677971,0.5367826754433284,1.2074209168434165,2.6294488486493797,<20,3.2822771257931445,7.2,3.4487588332893195,80.9
8b04d54e-68a9-4fb3-b48d-3017403ff7c2,1.0,pass,0.0,0.0,1.0031454851585844,482.8186242675322,1.381566894623993,1.877898446755064,4.334785735988978,<20,27.15590401466908,0.75,3.860112284228061,84.7
8b0cbf9e-5bb2-40f2-8678-236fed0046d9,1.0,pass,0.0,0.0,1.003533449616442,592.697222619993,1.704907190616383,0.5403018403867436,2.7495571585508993,<20,31.015079036241524,0.6,4.294660782154469,23.3
8b25a6ac-50af-4b55-a856-7f899ea35e26,0.859642,pass,0.0,0.0,0.6877133825990286,185.37066233795866,2.611276582705021,0.8404905376177416,29.385391001455574,20-45,9.24808822747419,11.925,2.6678590977381575,59.5
8b505a1f-ab8f-423d-b683-8624441c1dc1,0.237316,pass,0.0,0.0,0.18985277957014912,426.2013804880587,4.004281625860193,5.729319540773666,35.96286114720273,20-45,22.54184915389693,2.05,7.990775434577296,57.6
8b862348-a95c-42d9-8e87-0560ff8656b4,0.656284,pass,0.0,0.0,0.5250274758125475,373.98749681897596,0.5151125573567182,0.0,28.35872245717108,20-45,19.223810301505967,0.025,22.00859719087137,11.3
8ba55c12-2cd3-4dce-aadd-c17dbb19642f,0.0,offroad,0.0,1.0,0.7548244336939355,728.8239603948965,3.838873566154462,1.0344219769758736,3.5433583984989436,<20,36.41837909852363,1.225,4.133556559749237,69.5
8c383368-3f9c-4bc7-a486-076802271599,0.0,offroad,0.0,1.0,0.5200122286369631,250.95904972745237,3.2730972496261983,22.659982701119624,73.7783708196011,60-90,11.835051574241758,0.5,20.1617711266933,50.4
8c7248f0-2b20-49f8-be47-fe54a31ae900,1.0,pass,0.0,0.0,1.004755794792336,147.44258168048972,0.9065910496731433,0.4993308552979828,13.913814968834938,<20,7.273477981279928,4.475,2.9988095583081202,78.3
8c9a30c7-1283-4558-9b9e-5245ae607d2e,0.402521,pass,0.0,0.0,0.3220171316920521,147.02061390833867,0.5418916722926823,0.0,63.45186127053035,60-90,6.976609338378611,20.425,3.4566446699008684,88.0
8ca50753-f008-4e22-b4a3-3e382a087895,0.65877,pass,0.0,0.0,0.5270162663920426,251.1557070557547,1.618058799110752,1.7505625052976077,26.66841064767273,20-45,12.69587757688186,3.7,3.0969141324052765,99.0
8cc4c64e-c4f1-4a08-bfa4-f796d2c4250c,0.0,offroad,0.0,1.0,0.11231673015174991,256.4387877383641,1.4396539321310917,,83.19337967474816,60-90,13.8515257334835,0.125,4.132014262162644,32.3
8cf7348a-6353-4470-9cfc-31c00d332a6a,1.0,pass,0.0,0.0,1.003253256029318,385.38159864073924,0.7305971005491154,1.2298388285875812,3.1187676380829914,<20,19.431096661620266,6.725,3.414636286984737,88.8
8d0bb75b-798b-4966-be9f-c1d111bc266f,1.0,pass,0.0,0.0,1.0029268166128655,174.3611714113106,2.0756384954121034,0.4043098636357918,75.16927789955717,60-90,8.963663741028356,6.075,4.0885775554704535,83.0
8d19b573-7a89-4060-a281-e3f6fa111b2f,1.0,pass,0.0,0.0,1.0000321073218854,89.15544632094388,1.6065935245302938,8.146029452080274,2.114587021489677,<20,4.040629646378096,1.425,15.730359145675287,79.1
8d56c7ba-c404-4764-a7d1-b45e6bc2d952,0.0,offroad,0.0,1.0,0.25781477918294327,159.9314114010865,1.7058576160105665,2.652582561145297,50.53600507385075,45-60,7.26099112592911,2.2,11.225267113809876,80.9
8d934ecf-1e4a-42ed-b66f-6e41c551880c,1.0,pass,0.0,0.0,1.0022735057410868,269.5484222621489,0.08962191035789627,1.0853000392821708,0.5153534713209912,<20,13.51369237923918,6.85,4.47550976256384,61.3
8e2813f9-7e29-411d-b898-8432079b27b2,1.0,pass,0.0,0.0,1.0085297004096645,98.40569982755397,0.34680496763429114,50.19795436845989,2.267488568531882,<20,2.7671021056325165,0.625,3.3635826450948487,66.8
8e6b7231-5d94-4c5a-82dc-6115482ed321,0.0,collision_at_fault,1.0,0.0,0.4058148917551131,148.89155696443146,1.5211079242872594,0.0,11.089375487242549,<20,8.575729750672881,8.35,3.790322034458396,28.3
8e9691d4-0a0b-44bd-88c9-316ef126b10a,0.946226,pass,0.0,0.0,0.7569809174117395,155.26152933798554,0.7685023405588907,0.0,20.33806083943618,20-45,7.872711499754796,3.35,2.8718403463469637,102.4
8eedc8ec-6e5e-42b8-8b7f-bd752bb45c9f,0.850192,pass,0.0,0.0,0.680153662799227,459.6510024981772,4.789421748755232,0.4696257386974711,6.013431569372559,<20,23.627794053098267,7.375,3.828778366688882,90.6
8f03f4db-6187-423c-807c-c5e0a1e62874,0.0,offroad,0.0,1.0,0.8597587029946892,17.887682759204907,0.4236240220490995,1.2799452756317578,0.5718479517117363,<20,0.7001863919126856,14.75,3.3562410048563627,78.4
8f3902f9-864d-4acb-9907-9a6da8b242df,0.0,offroad,0.0,1.0,0.8438818174692408,69.43055605586278,0.996923977056035,1.9936064649914425,21.30852234473124,20-45,3.6150899436588633,1.8,2.8310928259267274,78.9
8f99811d-7b08-4360-b0ce-0c8ff69ecee3,0.0,offroad,0.0,1.0,0.8261157640174793,336.99807480446316,1.4606735209170987,5.955152694521299,53.247146538728835,45-60,20.1507808882453,6.0,4.575258394949429,88.2
8f9ca4ab-5534-4c9c-8a6b-aa8f745bc7af,1.0,pass,0.0,0.0,0.9971553952461819,398.01027697746196,1.6911068050779925,,5.091902793480739,<20,19.88751876579976,0.0,113.02790220156125,74.0
8febcbb6-1ee4-4817-b94f-01af6d126371,1.0,pass,0.0,0.0,0.8140069796495373,209.00213188229847,1.857332455906211,25.702113383337892,4.667777576090298,<20,10.89348642182837,0.1,28.11154597759672,57.6
901c2cff-f4a4-4f21-8ba2-f2f357be7bb8,1.0,pass,0.0,0.0,0.8111779683811239,435.97180108436135,4.052136316813842,11.544166938414936,18.736729239004532,<20,22.313361215650662,1.625,13.85604700082849,66.7
904af7cf-d4ad-4ebc-867a-c77044eac8bb,1.0,pass,0.0,0.0,1.006545805285423,83.7929137758161,3.5921082506626565,1.9980517583522381,15.313650061399915,<20,4.446024632783345,7.675,3.5647933992834537,82.6
9089f5d5-b231-4a77-89a4-98cfb4e3dd31,0.418044,pass,0.0,0.0,0.3344354510513241,198.90096036874152,0.4439624431385988,0.0,64.15091179807864,60-90,7.926678403985836,1.125,6.3601374619970485,81.1
909a2801-9af4-4c49-b33a-1329ae268a29,1.0,pass,0.0,0.0,1.0003228936491837,20.093441420904,0.6875849957272431,3.1462301480033252,0.42211129704705774,<20,0.8642467168220782,6.825,4.98402970443379,86.7
909c53a3-746f-43ef-aa82-5f7853c23e6c,0.556696,pass,0.0,0.0,0.4453566938873375,101.55329104291845,0.4484778297637623,1.5912950492662492,7.26310466853945,<20,5.210251268339733,1.625,3.0453950586283294,57.9
90a3d349-81d7-420d-9846-aa10da55ac2e,0.299391,pass,0.0,0.0,0.23951282003648766,110.40751427415924,4.113225018431369,,79.9251142090893,60-90,6.13500380803984,0.0,64.49837961385265,98.0
90ab8c24-2d85-4e52-8a57-3554c418cef2,0.447288,pass,0.0,0.0,0.3578304481811287,486.9553732914563,0.3498818860379518,0.0,9.004898118504192,<20,24.110051197263353,1.375,4.017320542184368,83.0
90abccf6-0566-46a4-981e-f2a7005e3b67,1.0,pass,0.0,0.0,1.0029789768039554,571.2122639715807,3.3186636699857774,9.806147583849244,0.4362040430872763,<20,28.509391001819754,0.95,13.271750059334845,22.5
91194ec4-75de-4418-9e49-0d706d84c7a7,0.346718,pass,0.0,0.0,0.2773744171318385,286.95422947451914,2.997841896472895,44.141499923352185,80.06142100510917,60-90,13.102524952352159,1.075,15.128875536696693,88.7
914f293b-1699-4bd9-8861-7e7a5327909b,1.0,pass,0.0,0.0,0.9999359626688,133.9350941968569,2.3452669971095146,0.19740237847642594,17.29844685962703,<20,7.916655951064541,6.425,3.4880964026066086,73.4
91cf2c35-3b03-4dc5-bb55-ab5c722735b6,0.0,offroad,0.0,1.0,0.45260492395486324,149.9210053361252,4.009082680623193,,82.42451021762469,60-90,7.606772251637688,0.0,43.99658317123785,84.1
91e67eb8-ec7d-464f-acb9-21cea525048d,1.0,pass,0.0,0.0,1.0069324851875319,140.15123119324622,0.5349514188512673,4.650737913889511,1.0627757234584772,<20,7.205734099322038,9.6,6.789524916340835,51.5
91f9b960-2988-4daf-ab6c-d43e6730a81e,1.0,pass,0.0,0.0,1.0046524761499824,22.935618236858932,0.4835133603099126,1.3423217325582193,0.06624581857530187,<20,1.630038466939298,11.95,3.2890557397359084,71.8
92163671-81b0-466b-8e85-5c931f8d78e3,1.0,pass,0.0,0.0,1.0036155924722632,430.3037432801033,0.6211894717883744,0.9359956250369497,5.377004738146799,<20,21.814399683892418,4.675,3.513897477095842,85.3
92263c6a-d890-4b9e-a40d-c44d553ab8f0,1.0,pass,0.0,0.0,0.98673015293239,80.79811201704227,1.0220197978823646,0.23363556136950467,10.653756369861487,<20,3.380048757101233,1.475,2.9891364994179606,94.3
923f1ddf-f5ea-4a50-bf13-505ca7d03b5a,0.177754,pass,0.0,0.0,0.1422033826575572,194.19997337777085,4.1003484929157,7.34139140208924,83.67613563750288,60-90,9.90246377814546,7.35,3.7018275254625963,84.8
92724945-2dff-46ef-9f2c-e7e1f2f1ac0c,1.0,pass,0.0,0.0,1.0036053204457522,201.7028786324026,0.6128276879351277,14.906975320154965,4.2701989992439975,<20,10.778793667970708,0.125,16.23639842522496,62.2
9278fc49-b70f-4031-8fea-e0392435bc9c,0.0,offroad,0.0,1.0,0.4200577537964049,180.77820913940647,0.7580957349613235,3.78504782241574,103.65428923158318,90+,6.983573285601652,2.475,6.2364865273301815,95.5
92af888e-acdd-45e9-b8bb-06406f232300,1.0,pass,0.0,0.0,0.9764376761535689,25.595510110216846,0.17033103189511517,3.5297393064903724,0.07151516317215878,<20,1.199936291554824,7.55,5.606740302293983,83.0
92d9c0eb-e191-420c-ad6c-df822ca186c1,0.0,offroad,0.0,1.0,0.20400536851788165,105.59427612382983,0.4743770411574077,0.7026886314144967,55.729709303055174,45-60,5.478905235685512,12.175,3.1584025507593156,92.2
92e0d11d-184c-4614-881c-2325ba7bae5a,0.0,collision_at_fault,1.0,0.0,0.7402609383097515,650.843997186296,2.2652927588740797,0.0,1.833381892786465,<20,32.653653231221085,0.975,3.9595210234838683,23.6
930078c0-48c3-4eb0-a1f3-4c7e6aea5d72,1.0,pass,0.0,0.0,1.0030774727521352,256.48486750745025,1.490796760665936,2.990965802878043,6.74954391130899,<20,12.734742771995347,0.9,5.178423579028123,79.0
9334443e-028c-4421-9a9c-50314b262e2e,1.0,pass,0.0,0.0,0.9506913225507109,650.8499089492867,1.2862970442019985,2.8338875604193157,4.054174408643409,<20,32.72345084745071,1.175,15.286797656047229,21.2
935b408b-5ea0-4852-80b7-2e32c0a21f17,1.0,pass,0.0,0.0,0.9433341203086811,685.4050552287481,2.5158988983030754,9.300833678452786,3.8575259918127793,<20,34.320999926430694,0.45,9.805791618047824,83.5
935b6f9d-7e5a-49bc-85a2-43066713aa36,0.273677,pass,0.0,0.0,0.2189418886966719,157.64426229451382,0.34771586361127527,0.0,7.469729434996325,<20,7.173550013476486,7.1,5.430641086104161,70.9
938f2824-8ae8-48be-9e57-bcdcdf956915,1.0,pass,0.0,0.0,0.8473114397035938,209.1367326908115,0.8699729439218147,0.5099733913780553,2.9939402775797057,<20,10.933285191331564,5.975,2.8889688531614772,76.4
93c1a844-e550-44c1-b635-c440099f440a,1.0,pass,0.0,0.0,0.8682101755010267,181.87092879891685,0.8037968366183075,1.7873874973593558,1.1003402898463084,<20,8.81233121870849,8.175,3.022963710263313,33.6
93f344e8-2249-4210-830c-812695106c84,0.0,collision_at_fault,1.0,0.0,0.044681530186454294,152.0075010876655,0.034357045887538754,0.0,88.23484715798078,60-90,9.4791046024481,10.725,4.059175384661217,77.6
947647e4-d9c9-4003-93e0-03a7008dcb6d,1.0,pass,0.0,0.0,0.9985941619849644,15.416811531636652,0.9927354466625804,2.71900550232949,1.7034926983461478,<20,0.008441213988934269,12.45,6.477886067189169,72.3
947a30cb-b492-4d13-b29c-b0c12c8314f8,0.84893,pass,0.0,0.0,0.6791436044819523,96.20600371538374,4.027022104567004,0.55756391790396,29.70260345908757,20-45,5.403989612347799,4.8,3.093555545341845,78.3
94877a4a-cbf1-4353-ae4a-f4453def52cc,0.644221,pass,0.0,0.0,0.5153769918376625,238.98179966038347,1.522494037045103,1.3386141789382642,24.658882539564214,20-45,11.776043575316676,1.525,3.3925634482423956,55.8
9494a989-73d5-4dd0-972b-df0df55cc6a9,1.0,pass,0.0,0.0,0.9336400461804064,208.2437856741237,1.252414635017256,2.5289561020478177,66.57359613820536,60-90,11.489697066158854,1.525,4.117718979666846,81.1
949f566d-d2e3-4585-befe-e40e68f48165,0.482674,pass,0.0,0.0,0.38613956993067283,598.170067756976,4.014202310285648,1.9061599883734532,2.204717912135544,<20,29.933071468046258,3.15,3.627548277471725,23.5
94c1d722-1fce-46b4-9aa9-c78389fae1ac,0.996457,pass,0.0,0.0,0.7971658797311514,257.5431550630507,1.1767126265481778,,72.54149069969372,60-90,13.057565530837696,0.0,35.716997673247484,22.9
95146c1c-c2f2-4171-aa10-968969f53444,0.212962,pass,0.0,0.0,0.17036999670353697,195.27737477220586,0.5015487758376562,0.0,29.011515929161902,20-45,9.698427822016205,11.175,3.3815270682868186,100.3
951ce3ff-104a-40de-9669-3a553409a25f,1.0,pass,0.0,0.0,1.0038978320064553,78.8294944758028,2.0231422685872253,1.0324135121986788,4.157865490681195,<20,4.737702761110466,13.05,3.0699038337672357,90.6
951fbca0-a83e-4a23-b1a0-8d0ffa3f0950,0.422973,pass,0.0,0.0,0.3383781601893159,165.8117332482031,0.1399149888671465,0.0,30.552854444369597,20-45,8.46051904622593,7.575,2.8924433105182326,77.2
954c1983-7ed6-4f06-af5b-3672e1d8b77f,0.276486,pass,0.0,0.0,0.22118850907408322,191.2877064769465,0.1195552715213863,0.0,28.063976039761542,20-45,9.56158240141047,3.85,6.137171904333593,85.3
95890206-1978-4fc3-a03d-bdb2bd1de1b7,0.146141,pass,0.0,0.0,0.11691276945093441,185.59738764118222,4.073132617966471,11.52656961736904,84.14784851504776,60-90,10.071135137566735,4.15,8.283224066891238,90.1
95a1ee7b-9b72-4417-8d46-ec58f235be5b,1.0,pass,0.0,0.0,0.9507318069492852,0.04603459726818131,3.400213637077662,1.1781612683720277,0.004743343655602806,<20,0.001977243099160099,20.125,3.639781590667764,73.6
95a8ccb7-cd00-4995-b2d9-83a8987b57d0,1.0,pass,0.0,0.0,1.0021460114275837,342.2550613538811,0.937707003752165,23.423612336685895,0.28544291208423955,<20,17.120066561324233,0.15,26.612558433813835,68.2
95d3b1c9-efb1-4d12-9032-d1ed44243bd7,1.0,pass,0.0,0.0,1.00483098003076,77.51608430133307,0.3750568731493013,0.41650527527302705,1.263766729632495,<20,4.245953134960089,9.175,3.4293703661757933,47.2
964e7935-2947-4af8-9f97-4757b744d45c,0.905258,pass,0.0,0.0,0.7242063882927521,323.67460016804426,0.8392771054522076,1.5607181937743753,6.5265736648382955,<20,14.953133440608704,10.225,4.0944164165828605,83.9
9672637c-139e-4b42-835d-7b0fed7c1abb,0.0,offroad,0.0,1.0,0.8307411781826082,385.14804201378047,0.9700517713931301,38.33547018268066,6.750419655685468,<20,19.206499745244717,0.05,20.206759008720518,21.8
969382f2-b629-4163-ac2d-9b51fefe137a,1.0,pass,0.0,0.0,0.9870454538108943,41.298380540847624,0.48623409692696756,2.070105208720374,0.7767754738933489,<20,2.037054347837708,22.1,4.86548485387728,76.5
969d0395-ef43-43eb-88b6-a7755fb26e51,0.356351,pass,0.0,0.0,0.2850806799941398,318.6853459789137,4.025450997394717,10.118809114394509,17.626522558823915,<20,16.159870895128524,1.975,18.494893387290276,76.8
96b48610-3fcd-4fa8-8567-a52c0b5070a5,0.389248,pass,0.0,0.0,0.31139858565056505,144.9891402046932,4.029567974688084,5.483366850650472,18.296053007061932,<20,7.980679357615658,1.1,12.348900157354855,93.6
96cc7239-9216-4579-aa86-40f9f36280ea,1.0,pass,0.0,0.0,0.8520090065076691,286.7905757760539,1.107396922231844,5.8897985658547904,7.857645222884267,<20,15.990168747099178,0.7,9.60641699999222,70.3
96d2e1d2-5a20-4c0a-8f31-b96ebf531bcd,1.0,pass,0.0,0.0,1.0073283787280651,102.90874563824418,0.7292240667876111,3.697227102837478,0.7073418070120149,<20,1.7232009052752184,3.3,3.0129203015758605,71.7
96da4f1a-2057-4263-94e9-9e5112c89737,0.665263,pass,0.0,0.0,0.532210271243269,114.58758564177793,4.096517646329195,5.849097360169706,54.35980626939081,45-60,5.221427847076561,2.2,8.705416446250704,56.8
9702e788-a40e-4c15-a465-af59f7f43c49,1.0,pass,0.0,0.0,0.8021748805743897,229.44412858275922,0.8010644817025023,0.0,6.734168803586522,<20,10.495791812520089,5.175,3.970440254519991,87.6
97090ae7-8f69-4900-a082-96ab962c5e78,1.0,pass,0.0,0.0,0.8559089292259386,582.145248118575,2.7368784802347035,48.72266207359499,7.259223339376275,<20,29.12286748561341,0.0,52.02196300732003,46.6
974e9bae-07f6-4f9c-aef8-66098cc50619,0.5365,pass,0.0,0.0,0.4292002474918943,253.76074121687708,4.044457584200885,1.5575748632925839,86.13344657793355,60-90,12.513343246728157,2.825,4.1041918648096125,66.2
976ac5a3-0d48-4c73-bc12-d891c8a9543c,0.0,collision_at_fault,1.0,0.0,0.22606779613399478,172.91788167262538,1.5365867140414455,0.0,61.600765325856095,60-90,9.924018247433544,2.15,5.536985598842488,75.1
97d6b1d4-2d03-423e-b423-78c0139baa9a,0.240163,pass,0.0,0.0,0.19213010229070326,81.83521592994813,4.072048097610578,2.910686516382732,93.87355885517061,90+,3.761340006904603,2.25,5.8926207345245105,70.9
97eeb9d7-866d-46bf-bc37-134191c34818,1.0,pass,0.0,0.0,1.0022043114453036,180.72900735391497,0.77910143887069,0.5119525337612508,3.3731882528989794,<20,10.475982713718693,8.2,2.92403706177319,92.5
98027855-ae64-4e26-8cb6-086d97c4586a,1.0,pass,0.0,0.0,0.9784467508047309,173.83503038440324,0.8378913351297085,1.0088598200855161,0.6500765078572573,<20,8.625326456601046,14.275,3.1624313205737455,77.2
9831c20f-aebd-4e28-a701-08cbb5e3a86f,0.0,collision_at_fault,1.0,0.0,0.38558189806540427,49.197470816480326,0.5658386376836462,0.0,5.009413834608866,<20,2.0786475965236075,6.35,5.717530370640893,89.1
98554693-d510-40cd-b442-eef9e4102b88,1.0,pass,0.0,0.0,0.9530667709595512,81.95483534235106,0.3507674628443082,3.413629900381186,0.6670597390893165,<20,4.056298614030727,6.1,5.175937522558431,87.4
98694f91-f6a4-44f3-aa7c-3095c91e4a78,0.0,offroad,0.0,1.0,0.4470936522396261,118.21757663216754,1.587610248016442,3.7239519622434307,82.74054552030786,60-90,6.032690094102309,3.55,3.427293772283188,72.3
9881e5b9-5821-44fd-a056-bea86c853675,0.849955,pass,0.0,0.0,0.6799637352435691,40.91665655712569,0.6153286111132538,0.0,11.892736831755082,<20,1.3692852808302085,53.8,3.099724236413934,82.5
9895e012-2112-40dd-8d1f-cb86e70b6431,1.0,pass,0.0,0.0,0.8594372756366062,147.84091036401378,0.12335781325973515,0.0,1.5353800182133308,<20,6.380772326276071,4.125,7.468675271209077,78.3
98e32565-2938-41f5-9edf-61806c42e79e,0.0,collision_at_fault,1.0,0.0,0.6704416795225456,365.88831609705244,1.6000995372525637,0.0,4.580873596327734,<20,18.3454024961012,4.95,3.3253531143070103,89.0
98f13b37-9245-484b-8297-31cb16112450,1.0,pass,0.0,0.0,1.0110918487026386,73.72765206449935,3.246952227113854,1.6701065998471623,72.8837629548354,60-90,1.680065674859764,1.35,4.244936131211514,81.5
98f88a4e-6b92-4f69-9ef8-58641f5c9e1f,0.0,collision_at_fault,1.0,0.0,0.1536562755077891,357.95190532590243,1.9651390172318275,0.0,45.69931507548105,45-60,18.02691873263757,1.575,8.290404197094183,74.7
9939eaf7-0f35-4ced-9127-80ea850d8e51,0.706845,pass,0.0,0.0,0.5654763630960424,172.26945582824254,0.6971979850253001,0.0,0.5451481433751267,<20,8.53621233565337,8.875,3.207773467167763,85.1
9973e572-f9b5-4347-8bb1-90ffb1291c0f,1.0,pass,0.0,0.0,1.0072773650853235,45.52804370315406,0.29454532671588846,2.0590705881381135,1.0735713462748289,<20,1.8414127015224049,8.75,4.26923543603532,86.4
99bfc2be-2618-4d5f-bb70-d7604d9b2541,0.255422,pass,0.0,0.0,0.20433732631648258,149.27035765687538,0.3709334147202938,0.0,58.1218707525278,45-60,7.380843441849799,0.725,3.2844689479220506,96.7
9a7b083a-e653-4383-ae19-458cb6ae93b1,1.0,pass,0.0,0.0,1.0011054370835684,149.77479848406776,0.5576118551327235,2.5429368315856284,1.9614485715945904,<20,7.804931897187927,4.1,4.42371660293358,82.4
9acbf328-9563-4513-8aaa-ba7fef755a91,1.0,pass,0.0,0.0,1.0036318389402954,492.808708563305,1.4407896064099062,2.8152352584241584,2.323513996578275,<20,24.232412882944114,4.25,4.154143389150086,42.6
9b21431c-c5e1-47db-ac43-be07c952ae31,1.0,pass,0.0,0.0,0.9127414603771313,258.12425195870816,1.4751889367201145,13.586696677932958,23.07539828378982,20-45,14.01845029117775,0.075,15.105194137462616,67.7
9b2b3274-205a-482b-9bf7-38b1534c5941,0.0,collision_at_fault,1.0,0.0,0.03982575696549013,60.5479183180245,0.16566401489254967,0.0,79.24994737312886,60-90,2.919576348459423,13.075,3.9697391565172975,69.1
9b2cd23f-efec-4db8-b96c-3ed972c6cdae,0.949987,pass,0.0,0.0,0.7599895368293157,201.2087949586908,0.37222994804074344,0.0,7.16168621255265,<20,10.439245395645498,1.525,3.188809152236236,86.8
9b2e1da8-a1a1-4a15-90df-a2c0eb2f3fea,0.304899,pass,0.0,0.0,0.24391936615618495,387.57469520093093,0.6133811483961991,0.0,11.684181144923993,<20,19.37300108306186,0.45,3.243328571059876,76.2
9b4cdc78-ec1f-4dc9-9dc4-0ca16abe3bf0,1.0,pass,0.0,0.0,0.9414040464667972,154.955914647457,0.7801662685891346,1.9682351550142039,1.0742418932215283,<20,7.287750729771597,9.325,4.212871704547809,73.3
9b5b5718-8797-448a-9c28-8e380071ec1d,1.0,pass,0.0,0.0,1.1780822706861995,0.3446864733185704,0.044579703602397144,0.621295044131803,0.03546373270361345,<20,0.0044128999674039665,1.575,7.133436366183435,63.4
9b6c68b4-1f13-46ec-a2cd-5023a8e9341d,1.0,pass,0.0,0.0,1.0000009907786505,93.05930334879011,1.977228362184742,1.2340249431904962,29.99250292895062,20-45,2.8989326525002905,11.725,4.044921702551656,70.4
9b778a6b-5ddd-422b-8003-6563bfcc2e06,1.0,pass,0.0,0.0,1.003130572004538,133.18716025671222,0.4452775760700484,0.658664115841327,1.1127545297873278,<20,6.909693046305432,17.7,2.9652134492500255,71.8
9b7ea42a-144c-4ff8-8e31-85e554877bee,1.0,pass,0.0,0.0,1.0031386370651247,384.76089575888153,3.1250051145696256,1.3890448493438234,9.200801129754385,<20,19.178497229234377,1.775,3.702125322751436,91.2
9bab530f-065f-48a5-9e8d-0ef420818c02,0.941349,pass,0.0,0.0,0.7530793311376135,540.6305792958633,3.425989502811868,0.0,2.7678388545611643,<20,27.86073852646953,4.175,3.966049740587817,90.5
9c0a8e69-14cd-4a15-b04f-dea1c583a27b,0.44261,pass,0.0,0.0,0.3540883295974047,80.90264094787372,4.114831689898319,1.2805327275339782,80.91897101560814,60-90,3.59904104071914,5.025,3.858873167959213,88.6
9c0be6c6-3ee6-4a1d-9ce4-ae184286f8d3,1.0,pass,0.0,0.0,1.0053714728068883,121.39056762755168,0.4301269702090679,0.5870369798827629,1.258695901782531,<20,7.72204449891391,8.95,2.9212436536092294,100.6
9c351bef-84b8-4a7f-bad8-9df0f50d0ded,0.0,collision_at_fault,1.0,0.0,0.2992976186659316,161.3883294162818,0.4861721981595571,0.0,7.91504750055995,<20,8.597903479102952,16.95,3.181248311021825,98.0
9c628a6c-1e33-4b49-9bad-493dd8142946,1.0,pass,0.0,0.0,0.9254351679185416,102.15993137313149,0.4543351759999585,1.5445925852420475,3.9235179290742876,<20,6.966819347067848,5.0,3.612508319552183,77.0
9c6b0313-a5be-410d-8e40-430b2adc6144,1.0,pass,0.0,0.0,1.002918763708275,402.7352624167121,1.859744917175432,1.5836235112802315,4.851528851203061,<20,19.988855945860127,6.5,3.403952753269652,89.0
9c892e05-ce95-4eb7-8bc6-ae18f9ac1a44,1.0,pass,0.0,0.0,1.0036720534186794,14.732609077084104,0.6128682576089445,1.1323992507340115,0.426383792775169,<20,0.7194351927101393,16.7,3.3859703419723797,102.1
9c89f9c9-839f-4a46-b36f-7073550df392,0.0,collision_at_fault,1.0,0.0,0.5488818849817557,7.244298268960968,0.04820493782915674,0.0,0.4042814291776961,<20,0.003072992011232834,5.975,3.343313163900364,89.1
9c8e6289-e412-4457-849f-0890a6e1f64f,0.654283,pass,0.0,0.0,0.5234263536875283,63.62440946279021,1.0484678800895628,0.6190911724487271,37.00862465526979,20-45,1.6503745065720925,5.85,3.639109225796111,83.3
9cc6945c-0aaf-4727-9ff1-ff44896b2012,1.0,pass,0.0,0.0,0.9008935957863304,67.62859087760485,0.14983640549049654,1.2976834851721017,1.1341438843004166,<20,0.009570605198226901,4.175,3.584099862780385,80.8
9d1339da-d069-4ee8-a854-d3abaef1fe8b,0.450875,pass,0.0,0.0,0.36070000419890635,134.2077935917044,0.23555741237643543,0.0,55.46301746383731,45-60,7.217492044873947,2.675,6.58087430641981,91.4
9d195516-197b-4850-93ca-b9a35f8ae3d5,0.0,offroad,0.0,1.0,0.4835150189656421,462.1384400758222,2.9093827254659916,35.33034505833894,1.5258116848120031,<20,23.07343688679974,0.0,39.36806661553692,26.0
9d45080a-b929-4d2a-92ab-75069958233d,0.0,offroad,0.0,1.0,0.2659341707501335,235.3424746689116,1.9832758934795718,4.194245669557575,43.356730290697016,20-45,11.418614475712511,5.925,8.097929877141334,67.8
9d453fb9-0c3c-4766-afba-0b16d01b9817,1.0,pass,0.0,0.0,1.003373285259091,318.85265971103007,2.167579915411683,1.6469776299928571,3.637469110719084,<20,16.631095609310588,8.25,3.414400196831269,82.1
9d702a4b-aad2-4f18-a643-8bcd6a0b82cc,0.919126,pass,0.0,0.0,0.7353009947041533,135.03742624421372,0.2340427602513739,6.597612645532847,1.552600042114761,<20,6.157693882879939,6.55,3.8479989046316585,79.4
9d735456-670a-4837-b733-d80f1cd576d8,0.454157,pass,0.0,0.0,0.36332534140813955,201.7068819827078,0.5368404572287653,0.0,23.206604224393512,20-45,10.884184597788963,5.65,3.380286435450653,76.5
9d73b364-2e13-4df8-9c27-d56670b9b39d,0.0,offroad,0.0,1.0,0.15255082327847563,143.4392998066825,3.566506345958032,1.6999255927842492,69.22889604517513,60-90,8.633817702423045,4.325,7.4381331281155045,74.5
9d8fca3b-10c0-408f-9c3a-486ae4ea6b98,1.0,pass,0.0,0.0,0.9539548519637854,400.2740469303939,0.6258872734556387,2.0810840154491284,2.7916243779641223,<20,19.75887566217808,13.35,3.8344078924790423,97.2
9d9052bd-2579-477a-89ba-822a1438905d,1.0,pass,0.0,0.0,0.8675814523915564,371.9293987312587,1.1949299104036941,4.459020819901076,12.850292996649205,<20,18.856301239563226,1.425,6.489335405291833,87.5
9d9e7f39-0435-41ad-bd7e-6a672119183c,1.0,pass,0.0,0.0,1.0045434445015367,233.7923794474572,0.7729741474139603,3.762175367577618,41.177523419054424,20-45,13.85533073184553,4.425,7.46316871838536,64.8
9db2b224-d015-45e5-9e26-c1bdcff08c7f,0.926487,pass,0.0,0.0,0.7411892521743157,105.47420054192604,0.4043343421350601,18.308163613173924,45.41817860753234,45-60,4.327104570314698,0.225,12.252682961156445,31.9
9dd86799-a27c-46aa-9cb2-73161dcd0415,0.0,collision_at_fault,1.0,0.0,0.8358163671169903,160.69633633611676,1.5743338342169988,0.0,43.65118042035613,20-45,9.281467467088232,1.25,5.246744997749132,68.3
9df269fd-2627-44a4-8736-4334f8b0688f,1.0,pass,0.0,0.0,0.8751427052977523,173.30094976319484,0.25088921058809827,0.8075299919363402,9.89684354573459,<20,8.442763046723694,6.725,3.0199493472017958,69.2
9e17ce05-b221-40a7-8ded-08d3cb018147,0.0,collision_at_fault,1.0,0.0,0.04234201156304507,129.47933201190136,0.01534672558509127,0.0,5.591290243025718,<20,7.732343456084171,19.95,3.3203400163174397,80.1
9e1baa2e-0fb8-47c9-975b-c584dc9af9aa,0.878236,pass,0.0,0.0,0.7025890985479945,155.9317349931791,0.5238900061541368,0.2950279229924586,18.812831155503414,<20,10.246603156493922,17.15,2.7622161040647084,91.3
9e792fc4-4d90-44d5-87a2-6dcd3aad4ac2,1.0,pass,0.0,0.0,1.0049698251459673,156.77531690437968,3.2080789789673116,0.6242020077635189,14.705862061078623,<20,8.334285236775672,10.525,3.4469418844388215,78.8
9efa4ece-5030-42a5-9da0-1ff3d1c6ae93,0.964154,pass,0.0,0.0,0.771323204741002,99.60598594280553,3.840143675808819,0.20090166573308807,56.17047909377397,45-60,4.784434069987969,5.6,3.5498954391680324,40.4
9f393c8a-4e24-4b04-b98a-099a28bde89a,0.334175,pass,0.0,0.0,0.26733998141474447,143.54440421435322,3.476303090632119,0.0,67.17443439517356,60-90,6.987877614435433,7.3,3.69557411834927,90.2
9f925aad-732f-43aa-9dda-f1e5d095bb5a,1.0,pass,0.0,0.0,0.9992736052544791,14.161611580717134,0.9428918839282059,15.466125331658528,29.321408726105517,20-45,0.0034368331928701468,0.125,21.200130721924857,84.3
9ff17e92-8625-4e70-8d82-679d461f2ebe,1.0,pass,0.0,0.0,1.0055217723794592,135.0470862533188,1.6363532276013846,1.3973479581406159,5.885740164339613,<20,6.266342875606803,15.025,3.4595572353889947,76.8
a0015a41-513b-4f58-9e41-df7159bb1d42,1.0,pass,0.0,0.0,0.9363136778681335,156.28038449332314,0.44856955490049144,0.6402387507485419,2.906651633204541,<20,9.163376373838108,12.775,2.967611868912601,94.9
a0181ffc-9d08-4b72-8fda-4f1bf1287348,1.0,pass,0.0,0.0,1.0035291486709426,171.95862783860198,1.0275925603656206,13.368307633384768,5.414427141286808,<20,9.804715971622755,0.825,16.835065795236705,40.0
a032b66e-a00d-439f-9b49-cd88ecdebba9,0.0,collision_at_fault,1.0,0.0,0.26453264873800825,191.83431568867772,1.1313276294729833,0.0,7.0450713435471215,<20,10.40817922728542,7.225,2.893127458137483,89.2
a087953d-72d7-446e-bf4f-d08482d400e8,0.126318,pass,0.0,0.0,0.10105432277606087,132.7809095965815,4.016348072372278,0.688571789704736,69.45398235735937,60-90,8.08416957946814,5.7,2.830787532541451,88.0
a0b1e612-aae9-4b91-8687-bf337c892b2e,1.0,pass,0.0,0.0,0.8904076868257795,239.18638827220113,0.5254860366393392,0.0,0.5975234604439568,<20,12.55693547048287,7.15,3.6472437926929233,87.5
a0c831e6-5275-4a8a-bd67-9e0d59de52e8,1.0,pass,0.0,0.0,0.9998444148079904,263.3986452530712,0.9035998700443747,1.3728813250229794,8.977907801072872,<20,13.487243969138397,9.825,3.8520546934313002,78.8
a0fe28cf-db26-4902-bf9c-fc2390bfe0cc,1.0,pass,0.0,0.0,0.8830822995330779,138.57194922002546,0.88710070456128,0.3606451448534035,11.226560519082561,<20,7.648907037564207,7.525,3.0089752240149097,68.5
a15f9634-e61b-4627-98e1-541a3163149b,1.0,pass,0.0,0.0,0.87505149227615,195.1537059101447,3.495696592066975,0.0,3.627953022924758,<20,9.253651735154335,1.575,4.712082989516405,17.8
a16714a3-e4b1-4ce8-bc65-2bd6353aad15,1.0,pass,0.0,0.0,0.9070702027729,68.61190431207741,0.46192203256466324,0.7799923750646524,7.129297713583379,<20,3.3232140087601048,12.475,3.458929825102476,69.2
a1b166cc-b0a6-491b-98eb-2880a57e8677,0.340916,pass,0.0,0.0,0.2727327996652971,56.1074265623136,4.138148831364072,1.2443285589388648,69.3601358869773,60-90,1.9711554560602413,16.175,3.4523874662932,85.6
a1f07c94-7556-4041-9d0c-da629a219ebd,1.0,pass,0.0,0.0,1.0046156994975801,98.21657040651456,0.15641803176796037,0.9420950460360238,1.0273349832690308,<20,5.981664133677209,14.175,3.134032457941487,93.5
a24add65-e60d-47ef-9106-82407fb5e85f,0.716308,pass,0.0,0.0,0.5730467931980338,148.69595114474834,1.3141935321104745,0.0,46.07115549644597,45-60,6.773259603682772,4.7,8.12402110829678,78.7
a25cb6a9-0f4d-4a91-98fb-cf855c5fea78,1.0,pass,0.0,0.0,1.003158113743892,421.37819066899596,1.3847511239097028,2.1318397943455465,0.35145749158872264,<20,21.151855598830533,1.8,5.881608499520754,73.7
a28b6685-a2c7-4c9a-a257-3d992516a2f7,0.0,collision_at_fault,1.0,0.0,0.03943125871664943,58.65531785233937,0.5339033839396181,0.0,25.190944652446785,20-45,3.396911777265427,4.65,2.8825310978987306,77.5
a299c641-3565-4092-a554-f0f4e977d138,1.0,pass,0.0,0.0,0.9442138697450349,41.04624311484075,0.4616410628279656,2.9239298898790955,1.5804855254937042,<20,0.014842661444556373,1.575,11.428614906796287,50.1
a2a4322c-3f99-40c3-94df-17a67f56f55d,1.0,pass,0.0,0.0,0.9760527535200952,46.91335858884102,2.292321941216481,1.2210949666087383,2.3353746575859824,<20,1.58608389254225,4.35,6.830639019612945,94.5
a2ac807f-45bc-4599-b745-512b9adb0738,0.954166,pass,0.0,0.0,0.763333046806608,471.0585895154615,1.9343133068546445,0.0,38.99948978962154,20-45,23.947986709054234,2.7,3.5997956707511793,84.9
a2b415d5-2d72-4cc2-a77d-868248d0ba22,1.0,pass,0.0,0.0,1.0025088000230558,353.886223936551,0.5848934439054658,110.18788159738939,8.487638516070188,<20,17.583025278700667,0.025,28.9672650417087,75.6
a2bd8a78-0011-4790-9981-cb48bceb3896,0.0,collision_at_fault,1.0,0.0,0.4358689974249902,112.93318758790399,0.28657843951258055,0.0,10.088143997210421,<20,5.537066571905918,21.0,2.7126750671634947,78.1
a2e53d87-630e-4834-914b-518d3225739d,1.0,pass,0.0,0.0,0.9910485195471614,92.88143665990586,0.14885052725490083,0.849093268378018,0.30465372737113827,<20,4.1353325635043205,14.725,3.712061552475159,77.9
a336ffaf-379a-42ba-b997-9eb030c36d54,1.0,pass,0.0,0.0,1.0032081050020643,430.95989577920915,2.4372811973834616,15.030875651963479,10.396205131053343,<20,21.54168021191348,0.325,20.653699377848397,46.2
a3460ce6-c37f-4f98-8026-faefb0c601f1,1.0,pass,0.0,0.0,1.0014799985380125,352.71637287761985,0.5366334476164935,1.748671041883062,0.3968102623890724,<20,17.77511272274285,3.25,4.602009495720757,90.5
a38826b1-7911-4b39-a787-b48a3c938b8f,0.922474,pass,0.0,0.0,0.7379794901198625,190.8804628638914,1.2171134600529911,0.0,0.8963661397510531,<20,11.075366999093895,10.425,3.4973862652166234,86.3
a3b28967-5a05-4728-a7ac-f4efca1b9107,1.0,pass,0.0,0.0,0.9986228029986403,491.13380766231774,1.3799903617145852,2.0478950630156447,0.780819888904029,<20,24.60244257436682,6.525,4.818910737839819,69.0
a3d1e9d6-21df-4da7-91d4-00b2aab79ac5,0.0,offroad,0.0,1.0,0.8307397895618143,379.7976567345188,1.0794039714826378,3.390348670419133,0.7824920562087675,<20,18.98216893112208,0.3,4.431826661768228,82.2
a410c7cf-0f5f-4e9a-9372-193a0cadb8de,0.383305,pass,0.0,0.0,0.3066440760617353,84.66123468978503,4.107414716229827,0.4193303609183901,60.238741910446436,60-90,4.279856380693053,12.15,3.0370360296910053,71.5
a4353805-c218-4869-a9a0-94e79af556f2,1.0,pass,0.0,0.0,0.9392990260130796,206.31546311969382,1.1360491990043093,1.205748658128267,9.775820647552486,<20,10.6506200565654,3.3,3.720423166306102,82.9
a44b8ce3-a3d0-4230-bc4b-e5efc85197ae,1.0,pass,0.0,0.0,1.0032771654538468,179.25766989074341,0.7602535758532503,3.6360593066686215,1.2849691093134246,<20,9.352625937223271,5.775,4.5878754905625385,72.5
a45776a3-df71-4dc5-accb-8f06135329bb,1.0,pass,0.0,0.0,0.880240417921223,191.00602841958587,0.3937256338460904,0.688530789662572,0.9968390803992966,<20,9.838583040223522,7.675,3.335225039237432,65.2
a4be61d6-099b-4380-8c32-ad176781b288,0.302528,pass,0.0,0.0,0.24202210811056613,51.4317914736644,4.231446467913407,1.0953110961080426,77.52863057263565,60-90,1.914216935336792,18.35,3.226814553046012,62.5
a4d2f7cf-b7cd-4494-8d79-58ad90f1c66d,0.864138,pass,0.0,0.0,0.6913100327719834,115.04279651465885,4.024280737029543,0.6548497799256936,76.11366465940317,60-90,5.30952156024634,19.15,3.607411746734841,75.1
a537c54d-c2d0-41d7-8a39-d22ed0444e26,1.0,pass,0.0,0.0,0.9700816069892847,143.51159160278308,0.6519414053052608,1.0366062775593543,5.612263751525184,<20,6.901671040728471,8.325,4.2209998933189325,71.2
a5414a7e-00de-41ad-ae50-874dc811fb2c,0.877162,pass,0.0,0.0,0.7017295575922332,102.69202642411848,4.124826626907229,4.707814997267285,11.344883837488885,<20,4.902534030271278,4.075,4.668618928747541,70.2
a5599793-5d03-4104-ad6e-1925cefded72,0.0,offroad,0.0,1.0,0.2205315511009356,121.28028199403377,0.6552924123072797,0.9902260609477959,27.95666676165653,20-45,5.363803987578949,15.85,2.9748226660411254,63.1
a55d1c06-21ce-4ea7-82d7-896ce8c4a1e8,0.907148,pass,0.0,0.0,0.7257186217797615,166.2487832329244,4.094325314677157,0.8266953838777485,71.97799727012558,60-90,8.831435966619585,3.525,2.8339132453137585,70.2
a5befa5b-55f3-41c3-81ce-e1b2538d62fc,0.81763,pass,0.0,0.0,0.6541038399770244,239.0089263601972,1.502672382621404,0.0,4.06357205819456,<20,11.494219053463265,9.675,3.2657771273918,88.5
a62e9c2c-1619-49c7-9ba5-89135d1ea909,0.0,offroad,0.0,1.0,0.791736073504634,123.22701470158167,1.1550153226000357,0.16755748548944674,0.7643693994339833,<20,6.684667104272682,3.55,3.229210977274964,90.0
a686c7d0-8de6-47dc-90e6-be4c918a4e76,0.0,collision_at_fault,1.0,0.0,0.037911443507255706,98.66457553926669,0.08362806469626415,0.0,2.5297103849153473,<20,5.311791731073295,13.4,3.035219318867505,69.6
a68ad579-8a04-45b9-89f9-89ec3c1893bb,0.0,offroad,0.0,1.0,0.13716468768845877,306.7051844450557,0.6407552835333212,,43.821630484125144,20-45,15.489289050599742,0.0,59.9623944723529,78.5
a6b0c924-fdec-466b-b680-7d2bfc9e6653,1.0,pass,0.0,0.0,0.9094437007321098,182.49157817811673,0.2845710282220511,0.9237911172613672,7.838423134651956,<20,8.250540640731941,0.8,3.147847162586509,91.8
a6cb4d85-4b82-458f-8cc8-54f2cd5a60c5,0.0,offroad,0.0,1.0,0.4667975916048332,164.95025627056157,0.9187505036680518,2.614321200858378,91.11659667620455,90+,6.83730619505183,2.8,4.067936468405612,96.5
a6ce300f-2b02-4e0b-b51c-5f2fa6eb7ab5,1.0,pass,0.0,0.0,1.0078968760826206,113.57897875566225,0.5852157621368681,13.743395055793195,0.41546107841131713,<20,3.490767491080097,0.575,16.505325977185148,90.2
a6da35fb-ff20-48a4-adac-87fb9982a46c,1.0,pass,0.0,0.0,1.0025918390149537,510.55737637249007,2.203228372370625,3.6513861154041467,3.7745313686372146,<20,24.407298099321082,0.9,4.055061254626404,80.0
a6ddac95-b22a-40d9-b4b8-c62a17563114,0.632045,pass,0.0,0.0,0.5056363534866387,117.07135178712694,0.9584545461991737,0.0,5.621452766288051,<20,5.844617028145615,11.15,3.2933031724811364,54.3
a6f6032f-7719-4aac-95e0-6320c4cb8896,1.0,pass,0.0,0.0,1.0040709552223959,90.36919953853162,0.6131626075253551,1.5112787124696263,1.7754254668521428,<20,3.7472851098832,9.9,4.119189194749652,87.2
a7070c3f-38a5-46ff-ad54-04e5401a8d89,0.0,offroad,0.0,1.0,0.5142221640116685,545.0954967941015,3.4633134711421527,74.37725543039774,2.1019010234215547,<20,27.473693496111174,0.0,65.522513853427,89.7
a72b3cac-29e9-467c-bf38-f59f6b55a7d2,1.0,pass,0.0,0.0,1.0029106639706324,414.74220790621814,1.296433081630595,12.610824372455964,2.796005685712431,<20,20.619685549930747,0.225,22.594906195681826,93.4
a730d6db-25bc-45f5-b013-20cc8605323d,0.831456,pass,0.0,0.0,0.6651648915268885,314.67185942713724,2.3449950947201885,177.29402641105418,33.59780275208064,20-45,16.291858422035393,0.0,132.43538312722248,67.5
a7455666-5345-4b9f-badc-4a1b54a2eb59,1.0,pass,0.0,0.0,1.0035363124221288,354.70863956485636,0.840934424021762,20.3810310549601,1.490787139821894,<20,17.721725018152544,0.05,22.62221951495929,69.0
a76a868d-1403-4cc1-a2a3-67581bee0041,0.98021,pass,0.0,0.0,0.7841681512036478,190.57541335073864,0.8157477149015995,5.814361641765473,63.500661033387416,60-90,10.01859775947087,6.925,7.031141943581421,66.3
a7733a20-3b3a-48a3-a7fc-77379f654094,0.423946,pass,0.0,0.0,0.3391566506862155,123.88963242914375,4.0895268858745375,2.254140935652719,59.760642535817716,45-60,5.826849341023448,8.2,6.031360891375385,77.4
a784414a-5989-4a5a-9a4f-74ad9327b934,0.0,offroad,0.0,1.0,0.17618031933597944,311.0401370777233,0.1827936261270642,27.597658301318845,26.856444580307677,20-45,16.48227361921036,1.25,3.723892819865319,77.3
a7ffaa6f-ee4e-46c7-b2d7-7123e6f2c620,0.719261,pass,0.0,0.0,0.5754090467464368,129.65401151694795,0.553609246438044,0.0,14.552667093573843,<20,5.906038678793903,3.775,3.3655886015154763,90.3
a817bd68-f77f-4250-b9a8-9359d1a1fa1a,0.719412,pass,0.0,0.0,0.5755294381985074,183.00503635550743,0.4339218080339838,0.0,12.103088609252138,<20,8.90396205491925,7.0,4.328202392887077,47.9
a817c74a-2ac3-4066-b12f-56dd35ee3214,1.0,pass,0.0,0.0,1.003332817187434,610.4123037527786,3.783756959947014,17.78690615583968,2.196387573825161,<20,30.17261086295691,0.05,18.95953869162737,8.8
a8584b3c-90cd-4e26-a56b-19fc9c7b5b52,1.0,pass,0.0,0.0,0.9703466516124178,509.1882792685085,2.5338983882929704,0.17038611825388936,0.5597816480424074,<20,26.491110505286347,7.475,4.2973691363867665,88.5
a88cc83c-ea8d-460b-8757-f6a47d0a9e2a,1.0,pass,0.0,0.0,1.0048356690931342,194.03298827530628,0.3870604172524449,1.6483244776510715,0.5541390915228271,<20,11.369345503774696,3.175,3.5099558445587022,78.7
a8e78edb-9a04-471e-8a66-cb3360707535,1.0,pass,0.0,0.0,1.0037525165156442,497.98269926749185,3.9121174979074946,4.800219532292769,3.895250220470895,<20,24.21812549552383,0.875,8.448901616336729,34.0
a8fb9c09-0cbf-42e3-a0e3-1b6dbc16816b,0.0,collision_at_fault,1.0,0.0,0.7496714844545328,318.6793196635708,1.3821039159917898,0.0,12.002045996371633,<20,15.519167320371766,11.5,6.267398486461618,75.0
a9162b2d-b0f6-4c56-9642-c96a11e69fdb,0.0,offroad,0.0,1.0,0.14710045477389808,459.95020319943296,1.3233423207375028,2.1171822085676117,36.753031569673006,20-45,22.842230361264345,2.475,4.310448895380078,30.9
a94b29b1-d9ea-4b64-ac2d-7594f12299b0,0.0,offroad,0.0,1.0,0.34059950314016957,216.06645503245238,3.652843309488394,22.181327628071777,60.63828524502185,60-90,10.91343247293323,0.6,8.559259990508234,97.9
a9c7f2c7-b1b6-4aa5-85b8-5daf04b6e94a,1.0,pass,0.0,0.0,1.0026207271713041,594.9878556645052,1.5242236745956201,5.7172532312974775,8.05617025809287,<20,29.700404049903554,0.875,8.492025303057314,18.7
aa094af8-da2c-4be0-bb80-2e17617daa25,0.30575,pass,0.0,0.0,0.24459976536577765,79.83843931827398,4.2752612128647245,4.578621289704057,74.73993096288217,60-90,2.1879211040933257,1.725,4.317808968451596,89.0
aa407ee1-5b6c-4449-9f6f-207d43067ba8,0.637235,pass,0.0,0.0,0.5097878726040131,469.1739749056728,4.047685470700566,7.728777284775146,4.081534782041587,<20,23.727615441005394,0.65,10.331442650203629,30.0
aa5f29c2-e81e-4d45-88d8-88db3d6ca701,1.0,pass,0.0,0.0,0.9989451630172216,745.39383265883,2.261982912148665,13.2784766522839,4.624050904292567,<20,37.10654009160649,0.75,12.1531908041986,17.9
aaaf0435-a65e-4d37-8d77-9813ca98cb06,1.0,pass,0.0,0.0,0.9772758973718346,114.15476860689364,0.9545419165535195,0.6976087359091472,1.5158910907453473,<20,6.5068452631552764,22.175,3.736292892865662,37.2
aace43c1-f3f2-4bd8-ad97-038441cd8bd2,0.0,offroad,0.0,1.0,0.5467080606557577,352.5744485132201,2.2108286147001315,18.609995813929867,8.339328457021754,<20,17.97918378844848,0.8,13.635409420773659,74.0
aaf3ce56-fdd7-4dab-84af-c44606d760eb,1.0,pass,0.0,0.0,0.9141076922899922,110.38761834887562,4.00599377796345,3.0038300852427944,10.98051447379871,<20,4.311221341531003,3.975,5.010717985018978,72.7
ab7d288a-1a82-4cd5-9185-7d5d735030cd,0.0,collision_at_fault,1.0,0.0,0.7175922769596962,638.2671945207704,3.4025925754353867,0.0,5.703687558140337,<20,31.894306449994914,3.625,2.9736341632140957,38.0
abafd435-ae49-4bfb-88eb-3671b45092a4,1.0,pass,0.0,0.0,1.00270714236333,143.68386670533374,0.27828406074357526,1.5017812976029588,1.0620804609835306,<20,9.078306752961335,10.6,3.660601436037535,78.3
abc2dc67-8e69-4bc5-bfc7-3b4e0db31e35,1.0,pass,0.0,0.0,1.007126734153831,57.62240847670189,0.25682420720622584,1.1088193543571645,0.37364238990290777,<20,3.9988010479294864,17.0,3.507407244181888,88.9
abc4fda9-6185-47f8-abd8-86dcc1fdec2d,0.237538,pass,0.0,0.0,0.1900304338469,231.1701124214405,4.153808999652931,11.20295308825567,60.42974388686449,60-90,9.264281353654333,0.75,11.527148266130569,60.5
abd45a30-146a-40c0-9f78-9ce697ac3ade,0.982477,pass,0.0,0.0,0.7859817664822052,168.20164370125542,4.183719680791408,0.8710617448375176,92.41620509756886,90+,8.37540844026422,13.875,3.7105411088689935,83.2
ac030b40-1701-4d26-b7ea-5017162e2758,1.0,pass,0.0,0.0,1.003408072951097,42.265882794217816,0.4036407246751589,0.7694900302695155,1.0181967142916748,<20,3.0614635713724523,11.8,2.9970601271794606,83.8
ac085732-d1a7-4d5d-bb61-320c2b94fc39,1.0,pass,0.0,0.0,0.9965860910020217,203.16482536763417,1.3144252530657252,7.4678908513897895,0.8937327692396198,<20,10.220649114875158,1.075,11.259184716959174,82.4
acc1c41e-ea7e-4e47-8899-bf62e4b05e40,1.0,pass,0.0,0.0,1.0018220941492375,374.1830034307852,0.6261697221316728,1.7266092926247802,7.037346634918693,<20,18.50988014163128,1.975,4.623845874894036,84.7
acd22430-0c18-43bc-a036-af9804eaace3,1.0,pass,0.0,0.0,1.0021501211678272,461.5602117932686,1.005819941654987,0.780742849137173,3.1003085542111455,<20,23.172547936990213,1.775,4.156190340048264,99.3
ad134e5b-118c-4dba-9217-2438bb0a747b,1.0,pass,0.0,0.0,1.0038774230357979,600.5102914601217,1.7256319452889617,11.607605806923637,2.1679013198992405,<20,30.561636199749852,0.975,13.977045167957245,22.2
ad447ab2-4c1a-435a-8542-bb507b9ecdd7,1.0,pass,0.0,0.0,0.9402552616911157,367.6103641053765,0.7303537450041848,1.2063388301025384,5.2431446952389615,<20,18.444280298490657,1.35,4.337781369846071,92.9
ad55f513-9a59-4052-9f66-ad67bb57f135,1.0,pass,0.0,0.0,1.0017750860445929,144.28840221062896,0.406842501212938,0.8274306478204818,1.4258779231732417,<20,7.443516921386126,5.55,3.073588523675306,90.6
ad68f18c-0390-4e68-86f3-5c199d777593,1.0,pass,0.0,0.0,1.0029042608395102,556.212141566884,0.6235234898725429,41.909062022106774,0.7193609958889953,<20,27.89088785727557,0.0,45.946803044846774,17.4
ad9492f0-c61d-428c-8d42-e5974bebbc0d,1.0,pass,0.0,0.0,0.9889267212502532,351.67211285484046,1.8389002598397612,2.4475907720277976,4.000081418970392,<20,17.536720075402457,4.6,11.158464453108644,77.5
ad9a833a-0b9c-4bfd-b15b-6c6102a9de41,0.591476,pass,0.0,0.0,0.4731809863562484,443.2785067257588,3.132933011390679,0.0,23.842906044485122,20-45,21.917361176861352,2.0,4.038602724702279,98.7
adb72a39-1e21-46ef-80f2-9c86a8e9504a,0.326285,pass,0.0,0.0,0.2610283739766258,43.73473578137732,4.276709846937389,39.346161447444686,98.47138663044912,90+,1.1573233949480795,0.325,23.643368312711516,101.1
adcc59de-e15f-41c0-9bb0-fe95567fd417,0.276643,pass,0.0,0.0,0.2213140959913125,434.2801006960131,1.3704851323213942,0.0,18.037236124821984,<20,21.41575345552089,1.475,3.7103865564778933,57.4
ade18f35-93ae-4d3f-8253-798ca06893a1,1.0,pass,0.0,0.0,0.8184905779433008,304.3317361596316,0.9278251157885754,7.557807840523497,49.14003326702353,45-60,16.198441261183884,1.875,8.373422960290302,99.2
adf0a670-6527-4890-ab06-cb83abeb99c5,0.679398,pass,0.0,0.0,0.5435181186499326,156.9371913028772,3.2742072392470103,3.231735743849359,62.34947458395529,60-90,7.621228362604915,11.175,7.382309016335268,94.5
ae0e6436-394f-47ab-9d3c-8be24754c919,1.0,pass,0.0,0.0,1.0029433105115921,226.27300480810328,3.738943550388924,1.2357791311215078,4.511280683942212,<20,12.066955861158618,9.125,3.3540236157202497,87.8
ae17d11f-c473-4d74-ba00-5bc45f183025,1.0,pass,0.0,0.0,0.96745625897792,548.8993161513116,2.3536777354335334,3.2989483427965713,5.252355408897168,<20,27.7307351599293,2.5,3.807481981022326,69.7
ae346872-252e-4f1e-ad0b-2f6f314d01e7,1.0,pass,0.0,0.0,1.003368444428532,325.6439921486809,0.8817682545488927,2.0739720648928217,0.8017016283043438,<20,17.061374532817165,1.15,3.55220758318272,68.4
ae42a281-c845-4b25-9dec-d9a67be39df5,0.0,offroad,0.0,1.0,0.26846144641333974,286.8102772269975,0.7519132716797267,16.58018968185393,55.72283324960937,45-60,13.989257987715671,0.0,46.288841266024335,91.2
ae5b6532-6396-4bcc-bc30-758ca184e899,1.0,pass,0.0,0.0,1.004249474904639,230.1317803041472,0.6562060883895929,2.0553816319320997,0.7089759631781958,<20,11.69338417046617,7.0,4.139308373617671,92.1
ae723017-f248-42f1-a480-4328524ce949,1.0,pass,0.0,0.0,0.9628975613326586,47.52387864150367,0.7082521062077975,1.731209749360711,0.7174457110232428,<20,2.398153144759857,13.7,3.724581328502127,40.3
aee7691e-6759-4696-980c-412010278bde,1.0,pass,0.0,0.0,1.0034015222228594,613.2779957430034,3.479113712980085,0.2891534603165494,2.7256111946271733,<20,30.639627523699872,1.925,4.228322016691013,31.8
af2ecf1e-90e5-4f2d-abf0-997bd87b7a54,1.0,pass,0.0,0.0,1.003688480613088,104.76215341318178,0.24109570258291646,134.67000675285803,2.145176139513456,<20,5.043402462842938,0.0,138.4311386324931,96.0
af7e58a3-a943-4cfc-9d25-fe602c0caf15,1.0,pass,0.0,0.0,0.8737609581616695,267.3169037995329,3.0108478684353766,34.586727921856806,85.4948295124086,60-90,15.871072614273572,0.3,11.89536436014425,66.3
af9e31e9-9ad2-4ea1-8151-db6aa5e2330f,0.0,offroad,0.0,1.0,0.4423001375499967,221.72623917275064,1.7293490934346383,0.6014492621002164,24.551212067328233,20-45,12.592164490378183,0.2,3.4635568860370696,26.7
afc1ff6e-9fdf-4fd1-bb04-919ee1c3e14c,1.0,pass,0.0,0.0,1.0033081661516963,284.29310757102195,0.7188137590844917,0.9963290401866861,2.8401434791272315,<20,14.240699523751099,1.2,3.4416608172160936,76.2
afcd6edd-0130-4524-af68-691ad1e1bbe0,1.0,pass,0.0,0.0,0.9451748141934533,126.97996594370947,0.6270440946551,0.5071526824317885,1.9293073959780893,<20,6.797592504693309,12.325,3.26218605411035,86.9
afe7621b-500d-40fc-b386-6ccfbc1b6706,0.636706,pass,0.0,0.0,0.5093646961420677,104.25387622260395,1.6706309307846492,0.0,4.081768639735969,<20,6.856826450489191,10.9,2.584895012645276,98.6
b023586c-f027-46c8-9ff0-a7895bbebe97,0.46621,pass,0.0,0.0,0.37296811260077745,173.48061336456144,1.0557359706796299,0.0,24.666731674207526,20-45,8.570151557956542,6.925,3.4708025490848096,91.5
b0499b70-4b20-4389-8e0f-cd9fce07e7b2,1.0,pass,0.0,0.0,1.0087496427538463,96.81675554736553,0.44036905652590863,0.11520887365177318,0.3966901732898397,<20,4.254381003531311,12.925,3.705040995550087,80.9
b06346cc-27a1-480d-8584-1e4ad04489a6,1.0,pass,0.0,0.0,1.0037505853812019,56.64162511664805,0.7375326820979766,0.5957289772266128,0.8064705092568873,<20,2.7609202965780515,17.075,2.792325787501419,98.3
b07d8ed3-abce-4a05-99d8-e164a5e8992a,1.0,pass,0.0,0.0,0.8187713959300185,217.95172629242495,0.9092550048566764,1.9103815290775676,1.3095240833525512,<20,10.780014091052259,1.125,5.48030921943733,44.0
b0ca8b13-0362-45e7-a1d1-f40d22f3340c,1.0,pass,0.0,0.0,1.0030345046756033,387.1941087711309,2.0308778040104016,,4.668994806536531,<20,19.41014929700199,0.0,127.01030647832202,74.7
b0f660f0-e369-4e20-9bdc-7bae8c0b40ea,0.872532,pass,0.0,0.0,0.698025312121997,138.3973110034145,0.2169402858318371,0.0,1.977164981313151,<20,7.5937515840964345,4.35,2.82740343777531,92.3
b1056deb-e6f8-4bb7-aa5e-7241863ab851,1.0,pass,0.0,0.0,1.0018221375667697,89.17492345563126,0.6983228696421266,0.6260812165913638,1.420771396123932,<20,5.302466463298924,30.475,4.314880089498433,43.1
b12fa656-9a2f-4cc1-8c92-c30046f4904e,1.0,pass,0.0,0.0,1.0067103751682853,91.54112699470403,0.2477758595931797,4.041720521363941,0.8868423596519774,<20,4.386163844495675,3.925,6.053792049999277,75.7
b187d5d3-767d-47fc-a5d3-78c939c54d2f,0.0,offroad,0.0,1.0,0.15040920903998234,204.6751930010293,3.724226755915234,34.492658939136824,72.48478175742882,60-90,11.353684115433131,1.1,13.077482940325417,47.8
b1997ecf-ea4b-48f2-8d42-2da5c00c58f0,1.0,pass,0.0,0.0,0.8365306964291279,522.338820550371,2.3849314673671165,0.0,14.778490866012243,<20,25.945136298761607,4.975,4.187831015967131,83.2
b1abc3d2-b3e6-45c4-b201-e987ff2a72da,1.0,pass,0.0,0.0,0.8457637475780685,96.22776493768507,0.0973487392561143,0.0,1.6861220915645094,<20,4.935374690062065,15.575,3.460407888766588,101.5
b1d93f58-d8dd-4a84-959c-aaea3aa0701b,1.0,pass,0.0,0.0,0.982603188292275,188.79346834860846,1.0976768386573281,0.6365958990631208,6.655964628338969,<20,10.014904810735048,9.825,3.137225075601258,87.1
b22281c8-1f6f-4647-b59e-3f11331e82a6,0.41564,pass,0.0,0.0,0.3325123035899212,109.76646828673393,4.383852534289102,0.5194968936128324,64.63250896497259,60-90,5.013922687907528,9.4,4.232076883074695,94.7
b2591a17-9951-49f6-9ae9-c0addeb3acb1,1.0,pass,0.0,0.0,0.9807829950629502,410.0030157393027,1.967347751810005,11.509920176967226,5.699863683074483,<20,20.63733284108961,3.05,10.515329045910486,53.7
b270b9ab-4029-4cd0-bd4d-80bcf6ce5bd5,1.0,pass,0.0,0.0,0.9144854018179472,50.72646069458678,0.06641359832950985,3.848335649427434,0.6194497004668671,<20,0.007718018285036517,6.075,5.962741224813522,85.5
b27e8f9c-1077-49c1-ba9a-6d99bdc12df5,1.0,pass,0.0,0.0,1.0098380474884021,81.46316860304357,1.7190800866140576,5.655931033181259,6.751696069192883,<20,2.427181425204016,0.4,7.786634244496892,58.9
b283c68f-3048-4d2d-806f-20592d894744,1.0,pass,0.0,0.0,0.9520149264472032,92.93053539695333,0.9436529020245306,0.0,0.5191062346625874,<20,5.010453209064168,7.925,3.0007468844789575,78.4
b303ebe3-9636-45ed-9de7-63f254ef8eae,1.0,pass,0.0,0.0,1.0028501970400534,257.40759285057743,0.11361227013055886,3.6894649068362795,3.132158113430475,<20,13.019425760248978,5.625,6.115835856406632,100.8
b304a9b9-b273-48ec-a9f9-cd94e9d94f62,0.617064,pass,0.0,0.0,0.4936510595092728,203.9377514843749,0.3325839339895824,0.0,59.871662456931226,45-60,10.512502437186651,0.725,7.084570726292484,111.2
b30ac7f8-55a6-41d9-9c57-5df0762e0e87,1.0,pass,0.0,0.0,0.8880195274461739,0.0012635785217276119,4.465754624308836,0.6078191233429885,0.007835157028121287,<20,0.0001161697018920899,4.2,3.1735250103703767,71.1
b3233934-c754-4634-a0f3-0682d8265760,1.0,pass,0.0,0.0,1.004095701093655,26.308933132424126,0.2283430092488476,0.6299310536049075,6.1664684974888715,<20,1.616744329052977,8.9,3.0738551239819025,94.1
b35074d7-cd77-4506-9cf7-e122cbd60b6f,0.42422,pass,0.0,0.0,0.3393762114159384,96.67541360909146,0.08636212594488292,0.0,5.520637446808371,<20,5.094175650982844,16.775,3.2718275994721564,38.8
b3942662-f316-4a91-b4da-fce76f1249e6,0.0,collision_at_fault,1.0,0.0,0.4096890640148486,520.4687785568016,1.8797406544789168,0.0,0.589042119610881,<20,26.191127415905783,5.975,3.819313917743922,86.0
b40f4729-29c4-4846-a04b-72c78832a062,0.398398,pass,0.0,0.0,0.31871837813100157,74.20548712249776,4.035027984350575,1.3869836831256621,55.39370943304577,45-60,3.1184944742635827,8.775,3.7760145338981586,91.7
b43f4213-30d7-40b8-8ef5-a7cb1104698f,0.0,collision_at_fault,1.0,0.0,0.2561946876430475,105.24455698132287,1.506288031708375,0.0,18.076166386245998,<20,5.417818942784218,12.7,3.0433143147829598,102.0
b44a4a44-0d00-4795-8a66-7acb0fdf46a2,0.0,collision_at_fault,1.0,0.0,0.029231883958434745,99.75851130776195,0.762533717383654,0.0,13.685472079863812,<20,2.64558837604095,22.025,3.1648794594540135,91.1
b45734f4-01d2-48f7-9296-2ae79a7a89b9,1.0,pass,0.0,0.0,0.9998852749925589,685.50515579427,1.907295447502986,2.0688215435452904,6.33829471987299,<20,34.29271059696809,0.8,5.040149696849973,87.1
b45e6497-2b89-4358-b353-234fbd944271,0.715187,pass,0.0,0.0,0.5721495199133275,355.99672158079045,1.6184669753129797,77.70895423643823,47.84484726333825,45-60,15.894604277320564,0.275,10.099313446796247,18.3
b4746a06-3e95-4911-b079-6a1baaf6d1b1,1.0,pass,0.0,0.0,1.0028133065277283,323.35487018631665,3.8032475959528185,5.560774099874712,1.6216438700636833,<20,16.593181380831172,0.65,12.597993455201253,63.0
b4a3c975-340a-4a0d-9d28-d96b4bc7dc23,1.0,pass,0.0,0.0,1.0010113345876408,87.32157065207736,0.19109930266970285,0.0766165665694146,1.6798069699475537,<20,4.693433321385918,17.525,2.5707099840777383,86.0
b4bbb3b3-e5b0-4cbe-b848-4ecc9f86691f,0.829877,pass,0.0,0.0,0.663901794090862,202.12081810230012,1.499810843075054,0.5191335791235315,68.43900470760791,60-90,11.415803497104973,0.625,4.930619814712693,89.4
b50ed1e3-a9eb-4ab0-9484-c92e63279fdb,1.0,pass,0.0,0.0,0.986846222721259,25.89416612329643,0.25338442688734775,1.0415503885425568,1.6159811453643953,<20,0.001705282259717813,10.55,3.18753907882411,91.5
b5305cf7-963b-4cb1-87b8-7bcbb6443af8,0.0,offroad,0.0,1.0,0.2869359234560067,107.94776652244258,3.3435608892451922,0.3864276871360036,71.71324302320888,60-90,5.659355387805446,8.8,3.621307906107645,47.0
b59fd578-58e7-41a0-a07f-5b08ed8b5919,0.31211,pass,0.0,0.0,0.249688163208004,226.2334804397298,0.7803143659352342,0.0,35.129781481927175,20-45,12.465988935780327,1.8,7.235268171593711,96.2
b5d12506-227c-4461-b38e-d8ce2ec22247,0.154225,pass,0.0,0.0,0.12338016218966014,81.52316668854006,0.4506523298081988,0.0,101.18472013903445,90+,5.3895021176299895,3.8,5.554422754628403,86.7
b5f5259f-03a9-4853-a0cc-884d74722657,1.0,pass,0.0,0.0,0.9791315403789377,226.2295536965019,0.6635497406397061,1.2828174289009957,6.393294802456744,<20,11.294065691544969,5.2,3.4818440467537073,89.1
b609420f-d0d1-46b2-ab04-254885dfd218,1.0,pass,0.0,0.0,0.8875331912214084,23.311227857560855,0.10927808417294332,1.487291617288207,0.2583076335382224,<20,0.0027814805149459615,12.8,3.6784174705850745,76.2
b65e55e9-f3d5-4445-bdbd-325b07a5c493,0.0,collision_at_fault,1.0,0.0,0.9822112174587053,426.25543204414294,2.2895981735858797,0.0,13.960716795446524,<20,24.356805723889398,1.1,4.418248521450924,86.5
b661da67-eb54-47d7-8d7b-1d1f8ca1f1e0,0.0,collision_at_fault,1.0,0.0,0.39535985866508816,104.00185397758685,0.35584169555990874,0.0,6.728635662083208,<20,4.960866305577088,6.275,2.83908648626795,89.1
b680a689-9afe-4d66-accd-41fa7c0fb633,0.940173,pass,0.0,0.0,0.7521386718330407,79.5898937575415,0.15795149547425755,0.9796792662087263,73.17154972966574,60-90,3.5889197935030763,12.925,3.216545586550709,65.2
b6e18bbf-abf9-47ec-893a-467bee1f5eed,1.0,pass,0.0,0.0,1.0059357705551182,4.153321963342046,0.03960059005977745,2.1291818182355127,0.13534708760216377,<20,0.04294528802366394,7.75,4.922224528980373,74.7
b6f09ef3-b4aa-41e2-b257-a118f7afaac2,1.0,pass,0.0,0.0,1.0007967105431919,195.45250516848134,0.49744525545272544,1.5779124146274586,6.92520934830744,<20,10.677602658003167,11.075,5.051122810002955,70.7
b706e6a9-0c43-4faa-940e-91d80529804f,1.0,pass,0.0,0.0,0.9296789405592347,80.35419352983504,0.1343787779853656,0.35518036810494935,1.3978383859117038,<20,4.043197956506524,18.625,2.683364866348779,65.8
b727530b-d0d4-4ad0-885c-15d14d3a871e,0.0,offroad,0.0,1.0,0.44493622348664197,271.42644922451956,0.7944091786854943,2.6920484757740355,9.759666636308298,<20,13.619534590379347,5.275,4.965350082567969,77.7
b7b0c60f-8379-4cfc-af65-c0ed19412d06,1.0,pass,0.0,0.0,0.894625909717692,46.65149328056591,0.2255869160656965,0.9925348345797851,5.021949692284919,<20,1.5906992335992074,9.05,3.0392552104248005,97.5
b7bfcbd9-4ab7-46ff-a21c-a5b6d66191a6,1.0,pass,0.0,0.0,1.006102621531565,142.62761370063396,0.6393211020498022,0.16910309209927793,0.8152936869318956,<20,7.705677102511277,13.4,3.5000746314838564,82.4
b7d705f4-9a58-423f-87ce-988aab77fa44,1.0,pass,0.0,0.0,0.9665423399595096,301.6909339517189,1.26132538773581,0.09896092973452152,0.36203430835136535,<20,19.264156717318315,2.125,8.775793263020212,61.1
b8121526-85bf-4f5b-ac50-222e0dddfccc,1.0,pass,0.0,0.0,0.9498629644889369,294.9073251897625,0.527326442735212,1.2271846005100968,5.5039973912637405,<20,14.320798935026948,0.475,3.6444618479480537,31.5
b84f3fb1-0643-4ed3-87d7-93babebd24a0,1.0,pass,0.0,0.0,0.9398980579975456,155.93802789331036,0.9015858113858598,1.3139694523191183,3.9074209801408326,<20,8.170815583093212,17.225,2.949422948832532,29.1
b8566b44-6c1d-4b04-be13-1d7d143047cb,1.0,pass,0.0,0.0,1.0060548510767466,102.05109625953489,0.8190438853600015,0.36453508187480066,4.560791435283472,<20,6.418651353880665,12.825,2.8366762683380973,89.6
b87c3524-0a38-4aa8-8a4b-9af7f230ae84,0.0,offroad,0.0,1.0,0.9222825291650228,563.5126366190137,0.9570303160026246,6.329178116221196,4.2314828624626815,<20,28.129126547059652,0.625,9.222433524567174,51.1
b89326b4-bef7-4cd3-b3a7-d2288f681c57,1.0,pass,0.0,0.0,0.8111777451513933,424.8791019647233,1.4851762811954266,1.357937169835434,17.752254546501938,<20,21.17051584993905,4.625,3.422750823020349,85.5
b8e1992f-517e-4507-998c-983859f42039,1.0,pass,0.0,0.0,0.9340093350102798,204.77524128226383,1.168998972800172,0.5079491854846943,7.200572608573003,<20,10.967311355084329,13.125,3.6551953871833454,78.7
ba2cfeb5-fe21-453c-abb6-1bd6cffad6b3,1.0,pass,0.0,0.0,1.0020156742787798,491.0291074420245,1.6197277304124915,12.976979537349871,0.6004050883730474,<20,24.489643787043345,1.05,15.78181414775942,56.4
ba62e10d-7d77-4707-96a6-207e6f6aaecc,1.0,pass,0.0,0.0,0.8115991752119517,193.3910478533649,0.4783721959966421,27.653246389743575,57.421809352977256,45-60,7.787001387316101,0.225,9.43012286462914,81.5
ba91fe2c-c4bc-458f-8708-4ce345e675c7,1.0,pass,0.0,0.0,1.0088112291080826,80.22005137435791,0.36270593207395635,1.3105960755262247,1.2626587507398468,<20,4.055527961164804,9.625,4.91462781676662,98.3
ba99f59f-f448-4b00-989f-da12982d2571,0.310624,pass,0.0,0.0,0.2484993553913503,367.89911402299856,4.0086507030369845,0.27945256945347924,17.357096371453444,<20,19.813895112003493,10.225,3.577544129175623,99.1
baabc57d-5255-43f9-a0b8-74490fb77494,1.0,pass,0.0,0.0,0.9600915477329429,124.16710019316861,0.7375722033511125,1.1152600699615063,14.570917955471371,<20,6.109506192234925,3.4,3.222033935864705,30.2
bad7a546-ebed-4ba6-9fd5-a0925e725689,0.400331,pass,0.0,0.0,0.3202647436768275,57.729437365941195,4.078117878118892,0.7880270935440629,65.97036195267225,60-90,3.5623587454392176,17.875,3.5348002483856407,81.3
bad8bcb5-b305-426b-9ca9-1d9504f2fa3b,0.26841,pass,0.0,0.0,0.21472774005025067,189.03079896553302,0.021052415131435197,0.0,0.9364337854237605,<20,9.346671548619861,12.175,4.207145445533245,88.9
bb16e4a7-9a43-4454-818f-c7b07d22c0c6,1.0,pass,0.0,0.0,0.9376893495218603,55.88612027329809,0.384979469234606,0.0,1.3574461940116083,<20,1.5412111573821552,10.925,2.9214865621460224,63.2
bb1b395f-c51d-4a16-87ad-7310a7bbf086,1.0,pass,0.0,0.0,0.8258210431984041,128.14870519169298,0.6623250654073884,0.0,40.184792596878886,20-45,7.994217796185792,6.45,4.678917289573427,73.6
bb4394e7-7485-43f3-877c-f83e40d48a13,0.0,collision_at_fault,1.0,0.0,0.114370373340139,69.48693880157045,0.19682939375008168,0.0,80.74165431803753,60-90,2.724906631893932,7.65,5.681390893274522,78.3
bb4c859c-a4af-49ce-ad4d-0c4347053dd8,0.917692,pass,0.0,0.0,0.734153348885213,61.69913983611981,4.001662067638693,4.124838232689988,71.78999266274123,60-90,3.3347165531211664,4.6,3.598393751531075,102.4
bb5389f1-9514-4cfa-8322-dae897ed3786,1.0,pass,0.0,0.0,0.9996813328596068,71.19129376767599,1.2374685457795525,3.8401281666180243,0.3462521050228062,<20,3.1549342881202382,7.45,6.146575061246574,92.3
bb686dcc-99d8-460d-92d2-85ec047000f1,0.500855,pass,0.0,0.0,0.4006836486100658,482.2541643975557,1.8683731321711599,0.0,4.728412799189228,<20,24.158193688552842,7.75,3.974221036325227,85.5
bba237df-1306-4130-bdf5-83d216ca71b9,1.0,pass,0.0,0.0,0.9997947097013435,93.36793064921797,3.058990826156042,1.498518204945049,0.9310900238860202,<20,4.212687145674713,13.275,3.339123335711974,95.3
bbc1699d-be16-42e4-9723-14a45c9c5f59,1.0,pass,0.0,0.0,0.8773361233197943,181.55402392377675,0.7650264196424007,0.8331683673289748,4.561961333848351,<20,9.021462463960527,3.975,3.5123544467859804,53.5
bbc85cf8-8056-4780-b746-5846768ed6b3,1.0,pass,0.0,0.0,0.8206505399922832,291.15242253815563,0.8130211502570671,2.0438603524078878,4.65163265941002,<20,15.116136188026859,2.675,4.0112635471981015,107.4
bbf8ca4c-c999-4dd4-bb21-cb05832c86bb,0.0,offroad,0.0,1.0,0.4211017980544337,43.689375760747495,1.62204530008294,0.6993249310215085,31.510678790584222,20-45,2.732541769262754,10.475,3.197582527827833,77.8
bc309fd6-f660-43eb-84aa-c514bffa305e,1.0,pass,0.0,0.0,0.9990029126656105,46.43386397200656,1.8875988748657844,0.8914549746941083,0.1292576536381466,<20,0.004214011887276795,11.95,2.947592433750604,89.2
bc6bb6bd-6a9f-43c6-a2dc-7edfc5f27f55,1.0,pass,0.0,0.0,0.9432989677561393,146.2421503968636,0.3272003113131836,1.6040184195024088,0.6610822057319767,<20,7.764039658411822,12.9,3.4603533092182177,83.8
bc843fa0-b475-46af-8e88-ba1597c02128,0.229724,pass,0.0,0.0,0.18377937336792474,102.22138047641387,4.015723879448801,5.217692707123501,59.99702515542156,45-60,5.613823244754051,0.325,8.444727571370311,95.1
bd0d494f-fd3c-4d53-a4b2-7e7f3519b3f9,0.508584,pass,0.0,0.0,0.4068669963106406,202.21216832410119,0.5486659931922716,0.0,42.2918522076657,20-45,10.387565008105472,6.45,4.022896285629947,89.8
bd2861b3-ef20-4563-a7b6-4f2f9423326c,1.0,pass,0.0,0.0,0.9368919860346132,81.2079360313659,2.0960261302360044,5.858044786348623,35.557898593182074,20-45,3.4657249999462096,6.875,9.486000896384281,70.4
bd2e4de4-3ba5-4b18-a79c-5edf9a5518ca,0.391178,pass,0.0,0.0,0.3129427770429311,136.4079657042597,0.27967862859249487,0.0,101.2937191192775,90+,6.872599794150042,3.45,8.111051915085481,90.7
bd4383fb-620f-468f-9b40-17e72807d224,0.903428,pass,0.0,0.0,0.7227427378618871,161.2950334034345,4.0419089142743285,6.166755311694458,37.46706820574916,20-45,8.79206124857965,3.025,7.024098317401637,91.8
bd6387a0-ca7d-4c02-a684-90c141acbc19,1.0,pass,0.0,0.0,0.8241090071673876,546.647155416861,2.860531425129067,,10.808134040902809,<20,27.6096336539902,0.0,999.0,16.5
bdc3344d-4e43-45b9-807c-f7526199e4ef,0.0,offroad,0.0,1.0,0.07798359480688918,155.0698744316976,4.0159364078546576,4.178788707102928,134.34601018049108,90+,8.187000802030953,7.325,3.226960211528483,85.5
bdf2c763-f8a8-4a01-9efe-6482cf9f806d,0.0,offroad,0.0,1.0,0.7820775695337973,324.49863535699654,0.9981597683909376,2.3840185570210433,15.669655045931382,<20,15.583281204356567,1.525,3.9361558345463603,20.6
be087898-8bd5-4f41-82a8-ff3d875ef026,0.475588,pass,0.0,0.0,0.38047078584966354,71.3055439068006,0.998059500250739,0.0,10.340210676431328,<20,3.169407212349999,29.8,2.7758690321542563,92.0
be0d3628-098d-4ac7-a52c-36b71c50e293,1.0,pass,0.0,0.0,0.9506769401281047,262.6108088421545,2.0322492206122518,1.3967165194899627,2.2679896507238486,<20,14.462060248758842,12.475,3.5515015130962357,48.8
be183bd3-96a4-44fd-988b-bd7d22e4fbdb,1.0,pass,0.0,0.0,1.0031740362141992,612.3874700854266,0.7287982367939833,1.3414490425818182,0.9112154631099848,<20,30.63212763072361,1.75,4.932485582973879,70.0
be3160a6-4490-45ff-aa03-acddbfbcf36a,1.0,pass,0.0,0.0,0.9408487951136929,499.9437385676076,1.2748345840608453,166.53465196702882,3.1559838474780944,<20,24.650405205322325,0.0,59.75653281417174,92.0
be6cb24e-b69c-4967-8a49-09d9d150a12a,0.935521,pass,0.0,0.0,0.7484166063032258,228.01881497493244,2.0343823010094884,3.4331499760829782,4.37737191929641,<20,11.588746080633566,1.25,4.23483619717595,67.1
be794864-766e-438a-86d7-ec06da5ee921,0.537562,pass,0.0,0.0,0.4300492445455041,120.60856302214778,0.4867417474971482,0.0,27.973279835322007,20-45,6.108016238331675,24.35,2.8984415689125504,89.5
be9a1742-c4f2-42aa-bbe0-13b071abfeea,1.0,pass,0.0,0.0,0.9966053542581759,97.32582423800271,2.723824911362388,1.9006516839279002,23.832290571581755,20-45,3.0562709318456935,2.85,2.7382663907371305,90.1
beebc21f-65c2-4c8e-9755-131231b175e3,1.0,pass,0.0,0.0,1.0041960560754861,125.0671081552661,0.37716566672627555,1.7504907763724673,2.78724182255901,<20,6.581778444318327,9.225,3.661595994866874,70.4
bf56fd00-f06d-4af9-903a-2cf8d0e0589d,1.0,pass,0.0,0.0,1.0041537967567706,194.7026173839858,0.48511885923104203,0.8137851802004471,2.3540699342639755,<20,9.769134747027707,19.2,3.1538871582641264,94.3
bfb44da0-94d3-4f5a-8a5a-a22083e37117,1.0,pass,0.0,0.0,0.9745126326623065,449.0266901200435,1.1015680206707146,2.0270103887968256,6.07633467589392,<20,22.381564856124374,0.3,3.774990242505361,81.0
c00ec009-0efe-4b28-a85a-9b76b1bda069,0.307945,pass,0.0,0.0,0.24635638322023162,283.046154063264,2.951749688976885,0.0,76.87716336717183,60-90,12.058127555845314,1.375,12.288958180601727,75.9
c0268e70-6d17-4232-a4e5-62c865f5d9ba,0.126857,pass,0.0,0.0,0.10148528838243048,98.70265147963202,4.005589106855366,1.3462899560747248,145.9218638584292,90+,4.771293169059627,6.6,3.6343817875452937,35.8
c0287270-a748-4317-9b3a-7420f63db47a,0.0,collision_at_fault,1.0,0.0,0.8859185262129432,473.6440708793402,1.6493908331328542,0.0,1.1277662325885618,<20,23.980555323032842,3.875,4.618131119989372,79.7
c099d336-1152-4d57-b121-f325d8acb0e4,0.0,collision_at_fault,1.0,0.0,0.04465500260631057,60.42277822384203,0.10818453985495208,0.0,76.87542733588481,60-90,3.8945179457497656,10.0,4.55930554873058,54.5
c11ccf9f-65fc-4054-b945-d514c5fc7943,1.0,pass,0.0,0.0,0.9852950934078465,406.85955867808485,1.144541444072554,99.54579781822535,5.408988455695138,<20,20.712643029351845,0.0,104.0793736482024,15.4
c1258d64-ffa2-408b-94ad-1060674f480a,0.0,offroad,0.0,1.0,0.08668272507973204,195.89102951904096,1.1116897653637765,3.0665745073799706,73.63075078245532,60-90,8.092886022718085,0.85,7.00068588357933,104.1
c131bc24-ae60-4d16-a60c-2f4501763269,0.748482,pass,0.0,0.0,0.5987856480335414,599.8386643181143,4.310581203544638,1.238779786110678,2.096617225196974,<20,30.606681708800284,1.65,4.025243691931925,21.6
c148b111-cd19-4dda-a49d-15eb91850656,1.0,pass,0.0,0.0,0.9399786959726928,314.57670229920126,0.7233196557853115,1.5839284232401638,3.0260792254436386,<20,16.15678698479428,4.375,3.599876919495389,80.5
c16477bc-54aa-4c57-ac87-3104a05d284e,1.0,pass,0.0,0.0,1.0025874628816152,63.96847612115783,0.38928360915915905,2.435858313129278,0.4630411727709469,<20,3.3048851408539504,6.625,4.472276871961606,56.7
c188e702-7240-4987-b61c-9d6d7fd7e86f,1.0,pass,0.0,0.0,1.0018395521192551,231.08236114374512,0.2564142325141675,1.384435356986942,0.9665036544513196,<20,11.773102246221995,5.75,3.7378826302055397,73.7
c18eafbb-0606-4695-9525-c7b3585d02db,0.933353,pass,0.0,0.0,0.7466827171352536,298.0183045598868,1.5330247648358588,0.0,12.200488265059226,<20,15.088804954901027,11.825,3.7452675186613305,85.2
c25bc17c-e4f9-4880-ae9c-040d89d9c61f,1.0,pass,0.0,0.0,1.0075809628903432,115.45879355493005,0.652456569066164,1.57109459171146,2.5224628735512424,<20,3.938768535710386,4.4,3.6191912982176175,93.2
c2b92dec-69e5-45ce-bfb8-87c556e274b1,1.0,pass,0.0,0.0,1.0030436897322563,546.9482130221493,1.4451871645436063,26.116566447843844,1.0642561571977271,<20,27.260599352924725,0.15,28.54732639352264,53.2
c30139ac-c783-4531-ac27-a87a69f74f8a,1.0,pass,0.0,0.0,0.9105401242266721,62.590728230130324,0.2668467525585111,4.9363924476980445,0.8680791819056547,<20,0.0036378996198150482,5.65,6.8182300375443425,66.8
c326465f-e1cd-4191-8778-9b4be26d2836,1.0,pass,0.0,0.0,0.9613502498496823,571.152664160122,2.344153408853164,2.5467329757327817,4.811078541159036,<20,28.334178874795356,2.2,4.2899733021099395,91.4
c3d4065e-ee11-4fcc-a7f0-41b031316544,0.358067,pass,0.0,0.0,0.2864539582415367,216.40287928910192,4.161908612151349,32.280890232861694,99.0203415799674,90+,9.406358820068107,0.075,24.42874215597838,22.4
c4100c5d-aa42-4e68-a7e8-1704768a453d,0.972394,pass,0.0,0.0,0.777915060511729,224.46861732757552,0.8548699681061968,13.85929347989558,51.3632898374984,45-60,11.202745998669648,2.0,14.859577163452197,63.0
c4a58f83-eeba-4f43-a5b6-6075b7a8437e,0.895199,pass,0.0,0.0,0.716159170580195,303.45699951728767,3.221848609997311,1.5024591789833976,89.10510337649909,60-90,15.955938869586626,2.175,12.446045492940893,69.2
c51a2930-b9f6-4748-b67d-38fa7f0495f2,1.0,pass,0.0,0.0,0.9994811642124025,128.70920280890397,3.2786925073464523,1.3408463544359108,64.82708904166942,60-90,7.528201236713991,8.825,4.682034775521662,78.9
c5638d32-5df6-4cfc-b07a-b9948309d573,0.986653,pass,0.0,0.0,0.789322447967825,51.11368349685202,0.26100136756982784,2.557488162395356,5.960217514856493,<20,1.9788274687164629,14.375,5.179178276337352,95.2
c59e9d03-fba8-423b-b79c-06594cffff10,1.0,pass,0.0,0.0,1.0016856759682484,245.5546171240017,0.7015254682195854,2.2774514226758,0.7374120137765013,<20,12.10479977204537,2.15,14.101646425870477,56.3
c5da4975-f324-48bc-823c-885d1e1ae0ea,1.0,pass,0.0,0.0,0.8847678950359961,144.37739909069927,0.6432971535291315,25.67479636489692,6.297612300408915,<20,7.932043712136855,0.0,31.486196165948726,57.2
c60175e9-28dc-44cc-b34f-40347cc3861b,1.0,pass,0.0,0.0,0.9552053586265049,35.249648241619816,0.10331372671865795,1.006457574915166,2.1596115217521348,<20,0.04030819796239269,4.425,2.889234659806108,96.0
c6567f4a-ae33-41cb-bda6-c683a280141a,0.0,offroad,0.0,1.0,0.49816120165881206,358.59739120672504,1.1581144508894774,48.0150256157108,7.024080536269258,<20,17.92069201933789,0.0,43.24648920803351,15.8
c67bdfef-f86b-44d4-a429-a8f2371dd1d3,1.0,pass,0.0,0.0,0.813401486561333,145.2425967590796,0.271271612908326,1.0404760881889248,0.42110921879699614,<20,8.657464823523908,19.525,3.3218442669524593,61.6
c692a017-f113-48c0-b1dc-c6383490edb5,0.864593,pass,0.0,0.0,0.6916747489334429,180.67498684866553,4.091965350125389,5.8623818023400425,73.45791283616785,60-90,7.770933460392295,1.5,9.183393882510208,40.8
c6c01d25-ff8a-4cc3-9d33-27598d48dd90,0.0,collision_at_fault,1.0,0.0,0.20429178468077497,102.5835158363109,2.7675185191858063,0.0,69.0207036186816,60-90,5.363774802389157,11.075,4.970302058354059,58.0
c6ebf66e-2474-4de9-a436-3abdec13a05b,1.0,pass,0.0,0.0,0.9925128122478778,91.81265509837397,0.5949005029582676,0.7756414891478312,1.7517817139071201,<20,4.407969378662074,13.325,3.235398767033041,88.8
c6fda46d-1c2c-4646-af7c-caa041c5d27d,1.0,pass,0.0,0.0,1.0024134357493646,370.26088741992805,1.5737858296806986,5.578666739868868,5.6371735904404074,<20,20.627374792521568,0.65,13.704359604488324,95.1
c71afeca-6381-49d6-98ef-3c5fb9fe32c8,0.281471,pass,0.0,0.0,0.2251769469315471,176.86077373334564,3.3687473276013993,8.47274591199635,64.05101217194436,60-90,7.294618057912157,1.225,8.983111737710049,50.5
c76072c5-82a6-4b1e-b62f-a9da2ef48762,0.0,offroad,0.0,1.0,0.20863179368711707,231.2279221316274,2.3788602667332177,31.064243904162563,55.54405848813637,45-60,11.574693593238667,0.05,24.08147110186661,29.5
c77fd5cd-89ba-4bca-89e1-71810a3accad,1.0,pass,0.0,0.0,1.0011335701079709,66.09706455050615,2.474763789435918,1.1184525126032947,23.34602352261239,20-45,3.6184088770170324,11.725,3.1985811283435392,58.1
c7956ed6-0be6-44f2-8066-da068a6352b4,1.0,pass,0.0,0.0,1.0067374752453668,90.69650606526338,0.508995060421258,0.4106583278288668,2.7745029541706963,<20,4.212798112017244,6.4,2.9761105961032803,79.9
c7c79213-4972-4cf7-b5f7-85f15feac500,0.0,offroad,0.0,1.0,0.46868291433150194,392.1211239556848,2.477374340691255,,36.40854454429911,20-45,19.73883261177192,0.0,146.7122728217478,20.0
c838816a-2765-4981-b5aa-4160d400f92d,1.0,pass,0.0,0.0,1.0003594474326942,503.5709522623933,3.037388427866688,6.608269112475864,0.6156954223388044,<20,25.202345110826144,1.725,6.759646146526338,35.2
c860712d-9b2d-4639-811c-52d2be254a04,0.0,offroad,0.0,1.0,0.48511389612088834,304.33217651981096,0.8371181334703065,,9.067501865545783,<20,15.164065364506405,0.0,33.98884262730341,98.9
c8641276-c887-465d-b88e-df70bd7214b6,1.0,pass,0.0,0.0,1.0072112937639144,147.59672989646427,0.5600766243923392,1.061544515553951,0.7711006660895803,<20,8.9465447345658,13.1,3.5451017605239756,77.8
c88c52d3-afce-4897-bf28-998ddc928d8f,1.0,pass,0.0,0.0,1.0029413267339624,275.9614991226357,0.4238118491308588,3.998913122145775,0.6626803325675582,<20,13.80969291356438,2.225,4.8454235303146165,93.2
c88ff67f-e20d-4528-a085-37ac52e7be8a,0.636976,pass,0.0,0.0,0.5095804881345625,221.97874622458397,2.8508172896415878,1.1760963698138855,55.6108504591878,45-60,11.184427406576974,0.0,44.556418974131496,88.2
c896c0cc-64c2-4e1e-9629-3de98d2343bf,0.0,collision_at_fault,1.0,0.0,0.6376074138567069,38.59297667063568,0.6729047873010925,0.0,2.8034217128949503,<20,1.8877164461759415,14.6,3.0352803466913096,100.2
c8c798be-9854-4043-80c1-a45cd584c8ae,1.0,pass,0.0,0.0,0.9802269051801771,99.28429372399347,0.48821976908955517,0.05466196826671439,0.5282169726626627,<20,5.162596528100149,4.3,4.556984074877947,74.9
c8e4cce1-6932-4a35-8419-072cd6c656a4,0.206697,pass,0.0,0.0,0.16535756552460604,115.14684312770565,4.54677733671424,5.986641371366398,84.56496046731444,60-90,4.787863112359655,9.3,3.8699447303693506,53.2
c9047f0b-3765-4793-b6f8-e05eaadcad3b,0.0,offroad,0.0,1.0,0.22255109810409235,187.82151373151294,1.309000893229787,,125.57230169571307,90+,9.212802938850048,0.0,53.05220499312977,84.9
c92137b4-0ce7-4d65-a44c-414d7c104b76,1.0,pass,0.0,0.0,0.9897074839057923,249.66994808713585,0.6523831123659154,1.0102494809434532,6.754014548698478,<20,12.617624494539944,9.825,3.3339782538380565,51.5
c928d7e1-164a-4940-b17d-692bea9210d5,0.456332,pass,0.0,0.0,0.3650654242603917,226.9319071454438,0.5640362642773605,0.0,34.6442184291649,20-45,11.449007335623088,1.25,14.252172717603923,17.1
c9311b4c-5380-45e9-a855-9b5c4e27afe8,0.172519,pass,0.0,0.0,0.13801526251286433,21.140879245219555,0.6993998090847539,0.0,29.619277545914684,20-45,0.7611592351675538,9.425,3.1537036331325616,70.2
c97537ee-83a4-4259-98d8-c61790ea7613,0.0,offroad,0.0,1.0,0.5925746806698053,80.20225292554484,1.0960206172805904,0.49290473443842053,12.528718511259076,<20,3.4487846591784233,5.1,3.464181416280014,71.0
c9794ef0-4b7d-4682-8813-f1e23c5916d7,1.0,pass,0.0,0.0,1.0044566012809213,54.01007343496751,0.3204999152973321,22.253716042593766,4.686330795014073,<20,2.519859245467196,0.3,22.470871656811,70.1
c9836782-1533-4ad3-8ae9-23282d5e09cb,1.0,pass,0.0,0.0,1.0124568276861077,58.760505052979575,2.125204972061138,0.21523224900822127,56.878086196826864,45-60,1.6894911479990447,1.725,3.3734125972548674,68.6
c9c18f64-af95-4b11-b2db-c6370d51ed53,0.77727,pass,0.0,0.0,0.6218157564387238,295.9592522651944,3.6534644599055235,17.400416205056253,32.11511205397179,20-45,14.835286413027625,0.075,19.477884530212037,30.1
ca173de1-7cc2-4bf9-865a-57c9af85bb8c,1.0,pass,0.0,0.0,1.004329668023569,163.7259166372486,0.999735617513409,1.152978058790777,4.78933874844597,<20,9.219825377944995,8.2,3.0304486386894416,103.3
ca2cb16e-b2f0-41fc-a35b-5b152a12956e,0.700652,pass,0.0,0.0,0.5605219566171755,238.39782544748408,2.8295951941892663,28.715840148118755,36.9516806421403,20-45,11.86056655603561,0.6,18.341692376335434,90.0
ca481583-5812-4288-ad42-82643cfb7097,0.680189,pass,0.0,0.0,0.5441508958313297,437.548541132957,2.7582413253156726,0.0,0.5957911440640328,<20,22.01641817879483,8.4,3.4813030128280147,86.6
ca7accbc-3505-4fe3-9ef8-ad1e5a5041e4,1.0,pass,0.0,0.0,1.0075080456191337,40.26720835594534,1.4757070801139753,0.5598676427540201,24.750957023741357,20-45,2.81386456913586,1.55,5.355216515399578,90.8
ca97c826-dfb7-4fec-8087-b9fb69987d7b,0.785154,pass,0.0,0.0,0.6281231542838761,675.6876358586854,3.8437459295832763,0.0,2.849029423215251,<20,34.12925337289156,1.75,13.141022948895504,39.6
cb157636-0dfe-4124-a512-654903465ab2,1.0,pass,0.0,0.0,0.8777330553320897,137.18592406156733,1.9015707295728348,0.020937195907753503,1.4766380517992566,<20,7.4087315586155364,10.075,3.5310578363204916,73.9
cb1b00aa-b3a5-40b2-99d1-5175d6f70e13,0.0,collision_at_fault,1.0,0.0,0.08810321968755254,134.05132663112687,0.023191170935448827,0.0,0.642267016004087,<20,7.197553604053549,5.925,3.701970619882163,63.8
cb42eaf6-cced-481d-bf00-20fbfd8729b8,1.0,pass,0.0,0.0,0.8705699831495818,63.164492822994916,0.7619437361593241,0.6221047118436491,1.2378659757296362,<20,3.190948834621811,7.675,5.11542997837426,89.1
cb6b172b-7319-44fd-aabc-4b61e6ca8f13,0.0,collision_at_fault,1.0,0.0,0.023842422994973696,91.3107320454319,0.025253848267468924,0.0,84.05557567051261,60-90,4.6819530280605415,5.35,3.716643963806274,73.3
cb882dc8-3a6f-46e6-a157-f245eb1b58c2,1.0,pass,0.0,0.0,0.8437707932507245,79.45055370395971,0.1969347834168904,0.0,1.0471690132747928,<20,3.2585683166067474,4.475,5.384797224522378,86.7
cb909f6e-6488-405b-9bb0-c9b50d29a7c2,1.0,pass,0.0,0.0,0.9997386619907793,1.1062381223262332,1.3900493418895596,0.7247941293923399,0.04810855583700072,<20,0.0007052907148571662,20.7,3.511698547931471,91.3
cbb22323-0b4b-4364-8fc5-4a47357d4df8,0.0,collision_at_fault,1.0,0.0,0.21730399568954564,11.986142199922828,0.06314628361192477,0.0,0.24766352003832842,<20,0.08824746461802696,23.75,3.065180920241187,88.7
cca40c7a-35b5-449f-a177-f7be61c96660,1.0,pass,0.0,0.0,0.9082880518700139,162.53620914113114,3.707699245904822,0.7411083828165804,15.677558545499478,<20,7.948728482931902,12.975,2.509664216428081,90.0
ccb80b67-0cd9-4419-987f-d985d4a78d55,0.0,offroad,0.0,1.0,0.08934002536650312,119.38858380366747,0.7674945457974556,1.0835707770399199,59.710012898740565,45-60,7.129369674898806,3.0,3.2940152664498834,72.9
ccc1ac21-05b2-414c-83ab-647eaf562fc1,0.0,offroad,0.0,1.0,0.10817548158511707,246.24978371791417,1.284376647268065,18.52877436461562,74.69448981709262,60-90,11.683020123378556,1.575,12.909626919203834,93.1
ccd14274-9097-4651-b5b7-d89359531faf,0.0,collision_at_fault,1.0,0.0,0.7265548374290327,139.62906586005607,0.5287120339005026,0.0,6.156637916328346,<20,7.822546879601285,7.85,3.3396497416674205,82.2
ccfa26c0-68d3-4869-8b79-180d1865ea59,0.0,offroad,0.0,1.0,0.20396658042695592,278.58326714423896,1.8193711579162297,12.281300417433425,47.05090469739817,45-60,14.860402951875434,0.775,3.546231796009004,74.6
cd165b64-8c2b-4ec1-9c84-be0b8bbb6e19,1.0,pass,0.0,0.0,1.00341162080082,166.47962059702235,1.6191050707569161,0.5473845855007551,5.069324389228929,<20,8.359586827708409,16.025,5.307435289850814,90.8
cd344c66-c53e-404b-bb11-a4910c62d8d0,0.819076,pass,0.0,0.0,0.6552608393082265,258.5900789835603,1.9684081232972246,54.31814550224178,69.69129898175974,60-90,13.106060486930861,0.1,5.033254227107747,26.7
cd3958e4-7022-4cba-96e4-44832f6ce7db,1.0,pass,0.0,0.0,0.9205859223119336,497.91682505067024,2.756686517611886,6.036698794390404,6.466560316284706,<20,24.71475201539759,0.55,13.44952511290517,61.1
cd431630-55a5-4056-ba5e-7362040fa289,0.111905,pass,0.0,0.0,0.0895236174294957,149.02880816441856,4.617785444648156,2.088931032472935,77.25890348028169,60-90,4.182361908013653,11.5,4.3633641098674145,74.3
cda8a096-0982-4a91-b721-624dac7c83b8,1.0,pass,0.0,0.0,0.8713683424435366,75.8037196766255,1.7450144327308508,0.0,9.11151103428706,<20,3.933292662127556,11.05,3.67407732710158,92.3
cdf95fd1-c0eb-490c-b0a1-42f3244b1bf1,1.0,pass,0.0,0.0,0.8116629419522149,223.69868423000906,0.6154238874066388,1.580671102530967,76.57243236435255,60-90,10.769166565912018,1.1,7.885206272345273,63.3
ce07b2c9-a3a9-4ce8-82a0-bf68c36d6453,0.20125,pass,0.0,0.0,0.16099963440671197,180.31184089165797,0.8070982219137313,0.0,28.524085370873465,20-45,8.966652773050148,3.725,3.8740063001595977,88.8
ce75af77-b53c-41b1-8524-390e317d4683,0.0,offroad,0.0,1.0,0.7017690476595394,98.64762235574842,0.8002783407682883,2.0284021399982435,8.277756941115165,<20,4.988728437924326,1.025,3.3279299718588273,77.8
cec140b1-b12b-462a-94e9-80374ada2e26,1.0,pass,0.0,0.0,1.0030015573937505,600.4520491812115,1.076794400977039,9.637240397563254,3.8406172367307585,<20,30.297128905288925,0.8,13.204765696442985,19.6
cf34e1e7-34d0-4c28-806f-0d9be6967abc,1.0,pass,0.0,0.0,1.007059035265334,112.57937721353417,0.8983469360723575,4.380927161549727,0.8556492235838165,<20,3.186138676367291,1.2,6.138012339020282,67.1
cf3e7570-25be-4508-ad1c-ad6cba3eb2d1,1.0,pass,0.0,0.0,1.0031408656954774,247.68263347806746,1.0886488312783622,5.6090165500377065,8.93339703320724,<20,12.418215153972797,4.375,6.894329072107928,59.1
cf5076fd-0662-48f5-86cf-04819066ebb0,0.537563,pass,0.0,0.0,0.43005065929222624,302.763262432359,4.025828558386891,0.8448823503039228,64.33592426928277,60-90,12.974356680513567,3.85,6.848553247754286,101.5
cf9ca3f2-19c1-4bfb-8e10-9463bd85d800,1.0,pass,0.0,0.0,0.897375217995794,149.70913063887107,0.8749774550620362,83.85606978082194,0.6603566902554215,<20,7.480087613776036,0.075,26.1286527341024,31.1
cfb360e9-76cf-46ee-a7c2-d9e87f4a1baf,1.0,pass,0.0,0.0,0.9811423059370084,61.5192755387236,0.8555100525737999,1.2244794375811536,1.3789079653866643,<20,2.806230595645228,14.475,3.4497553440378113,89.4
cfc22ce8-a942-4e2a-90de-ff5a5d375287,1.0,pass,0.0,0.0,0.8889552158218346,62.75275582230793,2.161570803907208,0.3125804640059941,30.048753033132126,20-45,2.683487885836222,27.05,3.6971843325748366,69.4
d078258b-9339-425d-a040-68346ef0d5bc,1.0,pass,0.0,0.0,0.8273131485231591,95.59960379252266,1.4425723389544414,0.06708183105637668,67.66118459883656,60-90,4.500152767380131,11.825,2.815619723190499,82.6
d0962d4d-23c0-4b5d-a059-2c1435f81468,0.257961,pass,0.0,0.0,0.20636892739299342,355.26336240744814,1.9232115907523546,0.0,15.473895695537202,<20,17.19142277796517,4.425,4.193879828967569,49.4
d0a5056e-f552-42e2-94df-2aaf8e3f8f66,0.267967,pass,0.0,0.0,0.21437373155807,57.189170801669725,4.042180994491344,3.90310860583078,55.9758998833929,45-60,1.5409690875770174,2.45,5.368336634539833,76.3
d0b9a872-bbc5-4df6-b89d-7987e8ead288,0.0,offroad,0.0,1.0,0.12927065813614633,85.29849341080836,0.19369658614646623,0.9270067395972966,46.22723447662872,45-60,4.391583037196663,10.4,3.7573961703766003,86.0
d0d8a2b6-ac68-4e21-ae93-b30284b3fe2f,0.0,offroad,0.0,1.0,0.49754733440576565,727.2442722408041,0.8968979560603965,2.4744487550957457,4.063594571168015,<20,36.37477034683422,2.825,3.9926532583136756,77.8
d0f64342-1f39-41ea-b1eb-be9a5d47ddca,1.0,pass,0.0,0.0,0.9993370905292499,17.037285178923767,1.1936535856362518,0.6622921933529047,0.7716112157828654,<20,0.25332375581040145,11.1,3.231232486004877,95.7
d1681242-2510-4d3e-be98-15b2d35a636e,0.936129,pass,0.0,0.0,0.7489028434239378,67.86889555558876,4.040160784307357,1.1764334743996836,95.39279039532934,90+,4.055614451578384,6.4,3.3932161194012,95.0
d19d1b01-9e6b-465f-bb85-d11718a526c7,0.250998,pass,0.0,0.0,0.20079860323970172,205.4971913636618,0.36973215787631963,0.0,25.28524585571823,20-45,10.556734168110692,5.475,3.8182416027602004,95.6
d1a25a99-0f02-4730-a076-96f067e92874,0.47107,pass,0.0,0.0,0.37685581826289277,135.80714955797998,2.373683170873153,0.0,87.80013065999657,60-90,6.4515470675420215,4.525,3.861165428061526,90.1
d1a2c0f0-d46e-43a7-96a3-c75883102e59,1.0,pass,0.0,0.0,0.9884210519036163,671.5960532162122,1.1719342298761333,1.2149549673938804,0.5834313655797445,<20,34.288727780611254,1.625,4.1066495422611755,18.7
d1ba973a-5f8b-4cc1-9016-9f1205b5ded8,0.757923,pass,0.0,0.0,0.6063381263889209,320.50978647899797,1.1076937579689876,3.8245086637216446,63.34799003085014,60-90,16.928922831808045,0.975,5.094083993053248,24.5
d1d75933-68a8-4397-ab1e-36ae36f9e312,1.0,pass,0.0,0.0,0.9999926746910178,67.17613061320306,4.408458781691437,1.1375178294806252,56.5945932129421,45-60,3.250720030306622,3.525,3.7090096501120535,88.2
d1fc143d-0112-46df-9bd4-26db770c873e,1.0,pass,0.0,0.0,1.0065881646818804,84.20975278434564,0.5847525602303012,2.1948397963073605,5.044774264813586,<20,4.747100328486849,6.65,5.324424127431051,84.0
d1fca92f-9c5d-437a-aab2-e0bf237ef573,0.0,offroad,0.0,1.0,0.19572662851994474,203.03002937838824,0.8206426580624396,0.561141329314982,34.80885220752666,20-45,10.250855947571017,11.6,3.812702113825113,93.8
d24efb00-8b5d-416b-afe6-84e4e09b92da,1.0,pass,0.0,0.0,0.858930765402667,196.329512546599,0.9621743639253145,0.45824725571828556,9.440525833598704,<20,9.981869243236293,6.175,2.788050363389718,40.4
d2a7ae02-b6ed-4ffc-b245-be1b4b676c8f,1.0,pass,0.0,0.0,1.0004425543676805,717.0115188773143,1.344957042438949,21.06457555822503,0.41283877431943716,<20,35.83689459297943,0.1,28.48232293049339,72.7
d2b2fe82-d2ef-4c48-933e-40c73980d951,1.0,pass,0.0,0.0,0.9652046174933516,111.92652017037727,0.7771769702007966,1.960192915795202,0.9154505912563977,<20,3.049371732248227,8.6,4.069965953008113,45.8
d2bac57f-a0d3-4b76-8c48-621963886ead,0.343318,pass,0.0,0.0,0.27465456611367045,305.5695433620404,0.47235515212543916,0.0,83.16789101881146,60-90,14.2977653774916,0.775,15.904532304913708,89.6
d30c3636-94f9-4b5e-acfe-e350f31f8f0d,1.0,pass,0.0,0.0,0.9750885017838076,635.1759315648584,1.1191878200438732,84.48166629226351,0.663386367804445,<20,31.711224102680948,0.0,34.08732067829418,18.2
d32206ef-c011-47be-8d14-aa3936347008,1.0,pass,0.0,0.0,0.9990607325336263,163.0554499156604,0.7050902718875987,1.1007860762052812,3.5384973114924794,<20,8.325094789345899,10.9,3.2438830515578854,29.5
d3267951-0283-4e10-b3b9-496dcb191a67,1.0,pass,0.0,0.0,1.006870640670743,89.67010107576469,2.8484490949340744,8.764228941761015,48.925103990773145,45-60,2.889919655700891,1.825,11.54457140899694,86.2
d34c6b10-466e-41fa-8c40-0083fb7ae69f,0.451385,pass,0.0,0.0,0.36110834056395025,494.8789418367151,2.681248926301114,0.0,27.685468467926324,20-45,24.588091652440987,2.35,5.169426461630972,89.9
d35e7c57-2f5d-4de9-98c5-9e218e4e18f1,0.0,offroad,0.0,1.0,0.0003461813536397231,49.14042882833149,0.001112196741437982,0.9675904088998418,13.28317895459165,<20,2.6230831015120453,10.85,8.165745788704202,97.0
d369db8b-8b62-4e69-83b9-f1c247062db7,1.0,pass,0.0,0.0,0.8183638547202885,237.05222515387194,0.7076517526612202,0.0,2.7489804926782657,<20,11.621392770551967,11.825,3.5961316790482614,88.6
d38cf375-2145-4788-910d-6edb3e0d1398,1.0,pass,0.0,0.0,1.0052763066498152,70.8295927787882,1.1457382137483594,1.355489986861624,10.790178981567765,<20,3.7228722785118182,8.55,3.222459125738259,79.9
d3ca77e2-8c8d-44ae-ad49-45471301e578,1.0,pass,0.0,0.0,1.0036622684136964,210.90291424259436,0.4523818197550536,1.081774088387571,0.4739792270714441,<20,10.465506792951347,6.45,3.3219430232686813,84.4
d41fea1d-2637-4577-8b91-574e4d35ec8e,0.383805,pass,0.0,0.0,0.3070443192901972,601.683037692612,4.024093963187931,19.953949234427586,3.3033825737736575,<20,31.467114020127408,0.675,18.958270485589548,20.1
d42754e7-7a14-4436-9284-c0c4545f32ba,1.0,pass,0.0,0.0,1.007189853431358,103.55395339236816,0.4215108845879648,0.6844402716314131,2.3024920376462976,<20,3.718176174038267,7.575,3.533439166652633,98.7
d427d9ef-70a0-4a1a-8e11-ff1763cc9cf3,1.0,pass,0.0,0.0,0.8848951904733688,170.32897869590806,0.7060843681448773,2.440756176104015,4.237286945871026,<20,8.314313089330659,8.325,9.604990636330777,82.2
d4390315-938c-4a34-9345-b2311393eb18,1.0,pass,0.0,0.0,0.9678353176958012,81.80762401203285,0.6721863530987527,0.5033655194603356,11.783905990853537,<20,5.415916136967712,10.45,3.0306154661745146,86.9
d4676b71-65a6-47b4-8195-db9a744be261,0.0,offroad,0.0,1.0,0.5822547929279965,143.10365055257603,1.6480114229798868,1.955677455340449,68.78547106164392,60-90,6.013102357348122,11.825,3.7972199505132287,98.6
d4d6473d-a4a6-43a8-9a6d-3290778aced9,1.0,pass,0.0,0.0,0.926639296641545,336.78487317533444,1.9866961584781517,16.452531973479807,21.43660749602459,20-45,19.468744439421393,0.25,18.30238838829894,85.6
d4e2523f-518c-4ae3-8594-ef812238762e,1.0,pass,0.0,0.0,1.0030302117078083,77.74924402402769,1.0364901285726187,0.7907559572521377,0.4317740852698178,<20,2.3557169272914504,4.675,4.677861783152994,94.8
d4e69a53-bcb6-4204-986f-e6649184299e,1.0,pass,0.0,0.0,0.9610065761969842,307.0658590700356,0.686812192248425,1.7577900652322005,0.8114420532453882,<20,15.537293114500525,2.65,3.6482745595331787,65.7
d54d0ed1-a494-42c6-bfb0-ffde27c7ef57,0.0,offroad,0.0,1.0,0.12201888325234919,114.01604056967388,2.9771658940278725,0.9882555231584988,54.16959273116659,45-60,3.742583800435193,24.15,4.004968970684088,56.2
d5c526a6-4cec-4a62-bbc9-0d76dddd4db8,0.989052,pass,0.0,0.0,0.7912419705335481,155.08563130170955,2.073022831437657,0.1118265496306569,16.086621385978486,<20,8.10884404670673,4.0,2.8291039306550188,76.7
d5cc3763-8c76-41f3-a02f-218965e25ef7,1.0,pass,0.0,0.0,0.9810415788739028,95.02070775633271,0.8080538731426242,0.5377734644940505,1.7468001987005874,<20,2.891528469567899,9.625,3.3555451237934295,79.9
d5e79abb-b889-4199-a50c-0e999447709d,1.0,pass,0.0,0.0,1.0057316080992402,75.58769119173691,2.0527828478374026,1.9314536830210407,21.042528365588538,20-45,3.8533007101670824,3.975,3.4038182890139455,73.8
d5f732f6-eb2a-4aec-98f0-14d9204091b9,1.0,pass,0.0,0.0,1.0004006575488211,91.82305781018974,0.8349369050616265,0.033028377601470274,1.6144510112995276,<20,4.180900879246633,21.85,2.9637712477970712,80.9
d5f874a2-d08e-4dad-b985-9c067a862b09,0.525927,pass,0.0,0.0,0.420741629094745,220.45757454541555,0.2627626474999924,0.0,78.06127509770432,60-90,8.252374484019741,1.025,7.461503687451016,35.0
d604fdc3-c0ca-4e41-8a9a-e601ec30e9f1,0.0,offroad,0.0,1.0,0.0928820590657386,145.26774476933343,0.9854997683989508,31.631887490460855,83.34224539587022,60-90,7.1773635382894225,1.975,7.000033661646358,36.2
d641893f-158c-4c51-bce1-2e7bba558496,1.0,pass,0.0,0.0,1.000976106613007,14.65981727643396,0.19998980692752652,0.8897927173573484,0.30456837774879186,<20,0.5155228959144836,11.4,3.0119967194863357,79.4
d65a3bcf-e0cb-4678-8601-2dd2f725aaf3,1.0,pass,0.0,0.0,1.0027411258411214,198.32241600600622,1.5180815214988148,0.5538200037742061,8.41949671665535,<20,9.960494859242218,17.675,4.193663394238126,78.4
d6b59ce8-f037-42cc-aaf0-53798c3955f8,0.0,offroad,0.0,1.0,0.29276524279831895,309.9975864830497,0.5520771176268787,10.780030229469475,2.3646263675199255,<20,15.37218785490938,0.975,13.3275589318613,94.7
d6fea552-5873-4580-87dc-e1893ec6b82d,0.98839,pass,0.0,0.0,0.7907118503869308,180.45752135648198,1.5125563991293063,0.30362716741859996,30.195109757005007,20-45,11.361484225765432,12.025,3.3899830008096807,73.8
d70db121-938c-464b-bf83-d2f2f2da1a2b,0.803937,pass,0.0,0.0,0.6431492563592862,238.65613555640002,0.6207479370631596,0.0,3.946653470282243,<20,13.191113120643399,5.0,3.794226763579698,82.0
d7328fed-a0ce-452c-a966-1b010d09e2dd,1.0,pass,0.0,0.0,0.9683429177489202,194.94677179493667,2.1290800500817673,7.172568289572804,16.69068814718464,<20,9.417303692317581,1.325,10.817985497312891,83.2
d7533867-041f-4913-a50e-c86e4634c59d,1.0,pass,0.0,0.0,1.0034860022259544,608.7087372502605,3.448566944006522,31.408527954312035,6.32212227204676,<20,30.43101517864351,0.0,36.24407981841981,95.0
d7a39a99-683b-4e81-9ff2-475ed4de90fc,0.0,collision_at_fault,1.0,0.0,0.31537412514910984,316.01500358070865,1.855215393692071,0.0,5.3950742288974105,<20,18.483180313479718,5.5,3.8234361085394233,72.2
d7dd965b-cbe9-41ec-aba8-0ef08fe398ad,1.0,pass,0.0,0.0,1.0043874930023655,44.24260065037317,1.1845378899517904,1.5117039911747923,4.383388520445732,<20,2.3176807046102987,9.35,4.005470986748288,71.5
d85682b8-f612-4aa3-90a2-ee2bb86151e6,0.323794,pass,0.0,0.0,0.25903508828412813,181.61917369760613,1.082444553936197,0.0,78.47467862284498,60-90,6.740877248508436,17.05,3.4985194506341584,91.0
d875796d-318e-408f-8b57-772c8736b81d,0.949795,pass,0.0,0.0,0.7598360142367095,120.87903599769338,0.2640633688195285,0.0,1.9705637314427598,<20,6.512042302596735,11.25,3.5447451409375588,79.2
d8ba63a8-1ac8-453f-9f33-a8511914621a,1.0,pass,0.0,0.0,0.9889745985000967,601.0668970217864,1.981240661312173,0.41698154403306664,1.5111814501534657,<20,31.065628646862386,1.525,4.488162902798982,75.3
d8bfaaf2-add3-4ed8-8fe6-744c059bbccf,0.0,offroad,0.0,1.0,0.11719953011623382,231.29319346742525,1.0072667295658442,,50.442999443221694,45-60,11.58329998697682,0.6,7.25753776575236,64.7
d8c8ac7b-c550-47af-8002-5625bedfc995,0.526951,pass,0.0,0.0,0.42156062788622006,124.0084862922697,0.646844226395423,0.0,26.98666961667374,20-45,5.727661773197885,0.575,18.363998305914922,91.7
d95b0b2d-af97-483e-9180-50e8ad7c6587,1.0,pass,0.0,0.0,0.8153601833835291,130.1581575772925,0.5894449611396619,0.0,8.803058639145675,<20,2.821132580318874,5.875,3.1257277702287354,77.7
d96fcf8e-378a-474c-863d-57dd26412e9a,1.0,pass,0.0,0.0,0.8278189477784834,73.74934309047269,3.561299095379479,3.1672555841342347,59.1141997920718,45-60,2.6512754914866816,2.775,6.884345843529337,70.8
d973bef0-7650-4f26-9581-bfb7bef29312,1.0,pass,0.0,0.0,0.9425546541213939,64.80500068115886,0.5131521668438214,0.2288322823500334,2.866792072772463,<20,3.14778856877578,8.375,4.859816628445594,82.2
d98c59ff-ef24-4b03-9e4e-553471a701ba,0.0,collision_at_fault,1.0,0.0,0.5044437664642569,163.90088001987556,0.09197701969691154,0.0,4.048889579478682,<20,10.286974678500272,4.85,4.324849126687568,41.0
d9af9815-c264-4be6-9a24-00d061f3ce4d,0.991079,pass,0.0,0.0,0.7928629331026433,62.39144179408826,0.6303445395629954,0.14514762242953091,4.020159921062633,<20,1.9756966743777935,9.925,3.0696862308751793,77.1
d9b72fb3-f1a5-49a9-a04b-645fb7bf0df5,1.0,pass,0.0,0.0,1.0030880101014068,42.71082449466112,1.2309741578911975,3.125063334181331,0.6679477609529376,<20,2.1195352694764047,10.375,6.334658478175495,80.3
d9c1b946-498f-4cc2-8145-80d16a05c5d3,1.0,pass,0.0,0.0,1.0056913039348518,14.540973491862305,0.04469425116751845,0.7155062527854854,0.14156613411681787,<20,0.0032262129210079474,14.45,2.941323957469268,88.2
dad780b9-1b99-4524-ad4a-d35e6b77e6fa,1.0,pass,0.0,0.0,0.9924217266052944,42.47241797318438,0.2538950530710776,1.9572731184178653,0.43790986456005015,<20,2.5652354147642984,10.8,4.492865322998205,87.6
db529700-208c-414d-820e-84dd75b8caa8,1.0,pass,0.0,0.0,0.982680958005262,116.87470957030797,2.6729966416942306,2.5848274091674526,76.90517328949868,60-90,6.103839123735793,2.775,4.814368548592646,78.1
db69d4e5-aaca-4977-a9c0-f304fcf6484e,1.0,pass,0.0,0.0,0.9967784313068908,318.84281363443995,3.2920412592126684,2.4390740009489726,4.675465762875341,<20,16.538268333953223,11.175,5.500901808976616,71.7
db6a7b48-8079-4c37-a284-2162cc414ee4,0.0,offroad,0.0,1.0,0.9694888737972863,125.86649501695547,1.1263719440201914,0.9766412956484463,40.598066787269595,20-45,7.506719930299266,4.8,2.793919386359499,64.5
db8693db-cd5a-45ab-9bce-6092b8086e1c,0.0,offroad,0.0,1.0,0.14075925190316302,139.86312035432778,0.5300564591119509,7.196124041712676,29.02370903773391,20-45,6.498057605187215,4.625,3.8005698975118585,82.2
dba136f2-22ba-4407-8b87-a2ad5272b8c5,0.321296,pass,0.0,0.0,0.2570366569853558,62.991397351734975,4.0600631840916925,6.191555323439955,77.0283060637931,60-90,3.5364427111499164,0.875,4.2182695176455764,60.5
dbfd6c72-9060-4a3e-b0f8-1ee57befde90,1.0,pass,0.0,0.0,0.8835252916911462,18.628750055697825,0.13720489687780954,0.7555416338543586,1.8438627353021813,<20,0.0003651129441211845,20.7,3.202219488070578,83.6
dc1966f4-c32c-4028-a4c2-7515ceb1af1f,0.7047,pass,0.0,0.0,0.5637597045207896,110.3147161948726,4.0465239725991715,0.2873763189319801,72.25603710147574,60-90,4.889595644412673,16.8,2.9597557176207796,40.2
dc21dc72-bb36-4ad4-a758-1c39db316deb,1.0,pass,0.0,0.0,0.8631798928402576,37.8177501028013,4.512011728818949,1.4985040419605353,80.04310290905678,60-90,1.6830202426359455,7.55,3.9613322878624704,64.5
dc222bc3-c7bc-47f8-8106-778b3059c53e,1.0,pass,0.0,0.0,0.8732175001598175,268.6135402316962,0.40748995810136873,0.0,2.7859924471194857,<20,15.488684939182278,3.725,4.0806150918848605,68.9
dc2b1bc4-af24-45aa-8a03-19cd1333d0cc,0.0,offroad,0.0,1.0,0.26903097166568896,67.24272869351311,2.181639804722967,9.813995076675244,77.71597976775145,60-90,3.158355753761387,2.125,5.35513841441099,81.3
dc401449-4b7b-42da-86a1-76b903e2290d,0.0,collision_at_fault,1.0,0.0,0.5955160937528676,168.80336168185616,2.058457358830586,0.0,26.26437071387859,20-45,9.39029373811315,2.35,2.698545470862605,32.6
dc6e2af1-716c-44ba-84c0-b234ea4dbd31,0.875339,pass,0.0,0.0,0.7002714818214941,80.74209775399225,1.7974317867304725,0.0,10.228469497894148,<20,3.855242935876257,4.775,3.2073346055807406,93.0
dceaf6a1-41d3-4268-b34c-9701eb9cb7e1,0.0,collision_at_fault,1.0,0.0,0.5295545514622452,141.70865553761675,1.5334060119192416,0.0,45.518008563178874,45-60,7.053670939400016,3.225,4.15355515196272,70.1
dd31c350-22be-4504-bcde-06a9aaf83423,1.0,pass,0.0,0.0,0.951631371960881,582.014701952499,3.2559987901837126,8.50470326553764,3.3321148021741935,<20,29.657227511275067,0.9,4.025964290050046,17.7
dd56464d-86a7-4861-8723-cb06ef86747e,0.0,collision_at_fault,1.0,0.0,0.1970921167714598,37.22577817614825,1.3457453555848071,0.0,57.197357246230546,45-60,0.3064267156626823,8.275,4.3226716493793,94.3
dd6b54a2-d85d-4050-9042-6b66eb4292e1,0.0,collision_at_fault,1.0,0.0,0.1416987454818369,59.51972134946227,1.3478105936214646,0.0,65.71986812997172,60-90,3.4074225587251052,4.675,6.727663259092293,71.6
dd9fd9d1-f3cd-4bae-8093-b1273eddba08,0.0,offroad,0.0,1.0,0.4606500132130246,431.14382281293587,1.4031596200336178,1.7773573546337995,7.978035797752377,<20,21.699987212104265,1.325,11.553534170494586,90.6
ddb6a43a-f63e-477d-9fa8-bb282fed7454,0.0,offroad,0.0,1.0,0.06720673420146675,278.08967766495886,0.8733211551730669,3.9058863095094187,61.9704292226042,60-90,14.940817335855465,0.25,6.4195405849698695,85.2
ddc3e8df-b368-40f0-bb6a-9d9f4f568cd4,1.0,pass,0.0,0.0,1.0039919347780129,220.2604662512744,3.507932746050929,19.542436106068767,70.43586270189313,60-90,12.861864931726783,0.525,21.784206417326015,27.5
ddd04f5f-6358-46ea-8fcd-ad51fefe769a,0.825175,pass,0.0,0.0,0.6601397329994668,102.54147856575092,0.1800518655920652,0.0,2.91920736822078,<20,5.147401086018512,22.275,3.025305303084212,68.8
ddd2c391-873c-43f5-8105-180475fdc133,1.0,pass,0.0,0.0,1.0048348568042884,77.00435655305245,0.28368033321496533,0.49139654629307294,1.4846654531434773,<20,2.009657211864166,7.825,5.50761337437816,83.6
ddd6bec8-0df3-43c8-be1f-447de0d808ee,0.0,collision_at_fault,1.0,0.0,0.018887505636253032,96.7430900847933,0.02205531912920676,0.0,62.16897348363416,60-90,5.464726643369987,13.575,3.094722904109944,75.9
ddd998a9-4e83-4a90-8c26-9dd12ff32db8,0.699586,pass,0.0,0.0,0.5596690304793337,196.70449312198872,2.30880946524627,0.10134445951805161,12.07710531337588,<20,10.535047672614855,10.1,3.6976561469512905,77.8
de4d5b08-739d-4e4b-a3b8-cea1d7765fe2,0.0,offroad,0.0,1.0,0.09329123964685185,294.5415710170518,0.001335877780797539,25.542003031974012,0.7201152126643925,<20,14.636585699730283,0.325,10.214865203001214,72.2
de620c90-3a40-49a9-8c81-7b3c117fd847,1.0,pass,0.0,0.0,1.0020630536361226,248.96785175124757,0.6344165946240837,3.6086273988109094,0.8036099825138077,<20,12.466129195943507,5.3,3.4486265908641722,65.6
de7b9321-a77e-4949-a69b-70bddfa781d0,0.882902,pass,0.0,0.0,0.7063212924830478,50.73782024858894,0.2025781768473676,0.0,8.394210765204495,<20,0.008057516271290309,4.925,8.52871944108396,80.9
de9db5dc-0175-42d4-8b83-f0dc9b3ca23d,1.0,pass,0.0,0.0,0.9586390559102911,41.09593128015835,4.0163592087392095,0.022891983851958196,61.367948107983594,60-90,2.2482852064666314,7.45,4.490623390815053,87.8
df1c92ea-065f-4d4b-86e9-7df95c361a2e,1.0,pass,0.0,0.0,1.0081657953542906,103.21805340242294,0.8303184080141329,0.8128916860960366,2.940083307601208,<20,4.680999738337147,11.625,3.02365486387974,87.9
df994ead-5131-4d49-8337-2c27032c9a14,1.0,pass,0.0,0.0,0.99281487493615,609.6505688164751,1.3035799908942431,15.954600310345048,1.6844183395118584,<20,30.939916627697244,0.075,17.50025208133168,10.4
df99cdc4-fef4-43c8-9b16-008239e04c82,0.734714,pass,0.0,0.0,0.5877713738926471,132.5663784799386,0.25527177453994426,0.0,0.5043674179233448,<20,6.658658922543412,11.0,3.7181781363974613,84.7
dfb0277e-9147-4a43-80fa-adba2a63c5cc,1.0,pass,0.0,0.0,1.0026834249478647,644.4465366657744,2.823277119847458,14.24768417205117,0.70887215887713,<20,32.150880807195264,1.1,18.966171034678883,83.1
dffd4c04-92a8-468d-a362-cd3a98445da9,0.0,collision_at_fault,1.0,0.0,0.34609946385268375,80.37767605436599,1.615293044616978,0.0,85.31148507877468,60-90,4.3706941953564415,0.975,4.820419634560296,64.7
e0533784-d1f1-4674-a4e6-32f1595e2f41,1.0,pass,0.0,0.0,1.0013568769654673,601.0544332465316,1.631685220648029,1.1049383122731664,0.3393260188980133,<20,29.941734221534727,2.625,4.14523150427936,32.7
e0699821-d727-4274-b122-8a90dd8255d3,0.0,collision_at_fault,1.0,0.0,0.04657225586349693,67.04748534476099,0.040991249407269455,0.0,74.36308356650805,60-90,2.214803879227909,8.1,2.9921446902206275,74.6
e09d0518-7e4d-4b66-bb78-cd518a6b0c0a,0.0,collision_at_fault,1.0,0.0,0.2182908885647594,88.60347425947614,0.5466426832516248,0.0,40.44944087604535,20-45,5.327402462928414,10.6,2.6467474994369744,62.0
e0b22317-fe44-4203-821f-e71b9b30d0b7,1.0,pass,0.0,0.0,0.9710819915661787,194.23536706935187,1.2656582081348726,2.8555398086484103,5.1344435595137154,<20,10.444444915989344,2.475,7.315396307903649,67.1
e0b76658-7e91-497d-8ec0-6f6927196843,1.0,pass,0.0,0.0,1.006812028978627,92.16551805658327,1.0229932030355062,0.8471854880975452,5.550561764973883,<20,4.315447717281867,8.05,3.8420180225220277,37.6
e0bb6faf-a9be-4a82-b20a-ba566cb6ea57,1.0,pass,0.0,0.0,0.957438030410379,243.1678472747287,0.454461715862888,4.546198878568483,0.5196038049164807,<20,12.42539565838896,5.025,6.845007520992349,73.8
e0c7a82f-3728-4115-b4ae-c8e719e358dc,0.670917,pass,0.0,0.0,0.5367337622352683,354.6123727212263,1.0215899802545343,0.0,8.060768816827984,<20,17.614756811674482,1.45,3.523164507482175,90.8
e0f6bfcb-0091-4e35-b291-db9d129cf797,1.0,pass,0.0,0.0,1.0050927318481278,155.23193430195434,0.74381731832964,3.8506818166559578,0.6183382962364002,<20,8.581043723826205,2.35,6.832572326112436,70.4
e1192860-315d-4204-9947-51a2e589b18a,0.0,offroad,0.0,1.0,0.7445698920575234,283.32885107091903,0.946182370895423,1.320752091009451,13.511904794545067,<20,14.245510148207604,5.6,3.340019057513687,90.7
e12c41f2-3a5a-4195-a718-f8bd0c3139ed,0.0,offroad,0.0,1.0,0.056634089326963774,102.83473166406124,0.0009923558191471027,1.791395767817359,61.99932267544848,60-90,5.054241629347688,2.5,4.721923958224253,83.8
e14cf3db-46c9-475b-97a4-3666a1a9a047,0.634652,pass,0.0,0.0,0.5077218261444307,329.5892460003937,1.620511993839115,44.17390813569305,65.61931728307142,60-90,16.694304822011837,0.1,4.829185812074672,16.9
e1c6ae9f-2f36-4b67-ba5b-8e12a3bad8dd,0.0,offroad,0.0,1.0,0.42676633813139997,247.6176763071372,0.9003538049089032,11.588528986722244,23.46003261943981,20-45,12.660417698125803,2.175,6.549984438867372,28.9
e1d6972e-614d-4606-ba0f-f535fb56d457,1.0,pass,0.0,0.0,0.9229742969998368,31.09595708892165,0.4392723286338983,0.6394833117038221,4.397045054474842,<20,0.8412358072905378,14.95,2.9811495467278015,91.5
e206610d-26be-49e2-953f-7e0593c5dc4d,0.0,offroad,0.0,1.0,0.08148958070322239,103.95270620457684,0.6651510621677309,0.9836352316077357,65.0308763018236,60-90,6.158324889132932,6.25,3.099247049351105,89.9
e2068c7d-ca4e-47e9-9cd1-1fe55330d9fb,1.0,pass,0.0,0.0,0.901031587857617,204.87453118628605,0.6852562256792833,1.7629085319644684,40.29954296940153,20-45,11.182155618651871,1.075,3.170942016255021,84.1
e20c8773-61ce-4076-95de-c71428270a74,1.0,pass,0.0,0.0,0.9677899789909679,390.38242358385173,0.6406931788076693,2.074364795693779,2.537673563351288,<20,19.652889514766755,3.65,3.7776551063275456,81.7
e21d7395-cf76-46dd-bdd7-90f48f3c9057,1.0,pass,0.0,0.0,0.9097657113329923,292.5009107462279,2.097689675458736,0.2828650901647346,0.47671374906197284,<20,14.687294487180148,9.05,3.3374126158014623,91.2
e244984f-90bd-4206-ab46-ab425287a6ce,1.0,pass,0.0,0.0,0.9459762652890605,535.4062662639072,2.323125279706441,0.3717184231942898,6.712314864779779,<20,28.18110171190816,3.25,3.9950101946080774,74.7
e2781af3-c9a5-4062-8b60-e33799288b82,1.0,pass,0.0,0.0,0.9442064525714369,176.61679178536048,0.5841631717596502,1.029343926833688,3.0569496713085913,<20,8.99144194719721,8.15,2.9602553317361466,60.3
e27ce7cd-1c67-4300-9e4e-0ff3e6932e0d,1.0,pass,0.0,0.0,0.8172861381529439,19.827957181820217,0.1372752079026613,0.0,1.9049299082262758,<20,0.982696829500296,23.475,3.3198757955730316,78.4
e297279a-6d0d-4d36-8882-ce69a79d324a,0.18416,pass,0.0,0.0,0.1473276554039368,94.4197025922397,4.2939579642818595,1.004418106892438,67.62286377090177,60-90,4.996482130134764,12.575,3.0617888867809047,71.0
e2a41ac4-4f82-496d-a358-5d3731f92e8a,1.0,pass,0.0,0.0,0.9526005578793233,424.3374268200618,2.175518803353284,,8.978290173858314,<20,21.138386334426446,0.0,142.2763084182233,30.2
e3113202-2d9a-44c5-b294-2c6f47cc4307,1.0,pass,0.0,0.0,0.9851798923412798,97.87295018790233,0.6747412504611885,2.3249478880716206,1.979819051100762,<20,6.057925056110988,7.575,7.50422604735313,88.5
e34fcbdc-537f-49ce-87bd-0cfc3c6258f7,1.0,pass,0.0,0.0,1.0062880587812262,212.98930326828946,1.5613424129047981,0.9491502525889558,0.9589953477946697,<20,10.63473851446238,6.1,3.2476695215593034,89.2
e3878147-bafe-4b3f-9d33-0eebaba52552,0.73926,pass,0.0,0.0,0.5914079134381789,317.0505148860279,1.1028421046783035,0.322646046223795,23.024170221296707,20-45,15.125972847898115,0.45,3.031210702502824,96.1
e39fb49b-8938-4a63-811e-1edff7d1065d,1.0,pass,0.0,0.0,0.9793063423419086,328.55198704297527,0.6540056494916553,2.0222474751572386,0.5723007569010137,<20,16.71182592990336,0.1,5.479793561295838,101.2
e3ae7d58-6ae5-4b8a-a10c-7f7e7dd3b8f6,0.377083,pass,0.0,0.0,0.3016663474746076,161.79047268342026,1.2159842752078855,0.0,44.39445225295613,20-45,8.647713730158912,1.875,4.177778364013352,68.8
e3e470e4-1d47-4ae7-a543-ca18292cc1f8,1.0,pass,0.0,0.0,1.0032391478925355,270.98487112995485,0.43177397985806254,1.641157074263747,2.2145676885550887,<20,13.361243998618379,7.125,4.052391379394789,70.6
e442408a-4ee3-452f-8319-80500ae391a2,1.0,pass,0.0,0.0,0.9829336706927619,583.1320445470042,1.5063926965794974,,0.7436931803248329,<20,29.667316944307597,0.0,999.0,18.9
e451d382-4edc-4291-99bc-ccc1b7a45bc8,0.0,offroad,0.0,1.0,0.06062954250793717,32.25014949618818,0.0006276605136211621,4.28740096132327,4.770677234947264,<20,1.730819513696311,16.125,2.9580288671814334,75.4
e4a8ce47-7785-4b53-8be5-df70ae234eb6,0.476335,pass,0.0,0.0,0.3810683775790034,193.96273202059075,2.659866144573062,0.0,74.24213259125656,60-90,9.980855893339205,3.3,3.754893748500652,92.1
e500f011-10f7-44ea-b640-c93266e1043c,1.0,pass,0.0,0.0,0.8922233029240043,202.33070722991482,0.7862625623707925,0.5155737820234099,7.204080271246522,<20,10.740881404276156,7.675,3.602442849268644,70.4
e5561d95-e099-4001-ae9e-2579109824b1,1.0,pass,0.0,0.0,1.0066513224118043,150.88342697550948,1.7473873388035723,1.6453210003374483,13.892644457405906,<20,8.24120725569872,5.8,3.7523845628751906,99.1
e5718dc1-d42a-47be-a9fc-e84b9afdc368,0.853852,pass,0.0,0.0,0.6830816907772241,54.84284421973815,0.8946246916165463,0.8486401404577103,33.797080217673894,20-45,1.7381364717387675,14.375,2.6873631662261266,97.2
e59e7852-4176-4ec6-9c09-c875384ca617,0.922208,pass,0.0,0.0,0.7377663320541086,31.427743779700236,0.018223795175034842,0.0,0.8481590378279756,<20,0.5865737129974468,10.725,3.3356992506522496,90.2
e5a86ca0-222f-4bff-bfb6-4b348e9324ee,0.0,offroad,0.0,1.0,0.5634259918455775,181.45066638297556,1.2217350858357416,103.87649341249411,37.66528496138085,20-45,8.937228472498647,0.0,80.88782549409488,56.4
e5bff244-1da0-416b-97b2-711131d3dfc9,1.0,pass,0.0,0.0,1.0004460659506937,96.13533679518105,1.019454675764913,0.9066775573680816,17.843909052273702,<20,4.872475167481396,8.725,3.64459645254032,85.3
e5c8536c-82cd-4dd4-a639-cff683aceab9,1.0,pass,0.0,0.0,1.006980035114884,131.03797571297417,2.5864468308712407,22.194439072338884,23.09070149241353,20-45,9.042400947767195,0.4,25.73131082396895,25.3
e5d24edf-619f-4d2e-8608-1c6dfe3d9a17,1.0,pass,0.0,0.0,1.0010546328382055,52.327570482272115,0.07493253426496199,0.6485876743819011,0.7527701500891226,<20,2.7673707578813804,11.65,3.2991212604937066,89.4
e5e47fd2-e934-42a6-802a-45c3a4a1a3cf,0.355177,pass,0.0,0.0,0.28414141806115933,145.68306251746137,0.1731769407963093,0.0,81.98337537038765,60-90,6.940903274050504,8.425,6.248755154823691,74.0
e632cf52-630f-40df-9f06-d22582feecd0,1.0,pass,0.0,0.0,0.8670529823973102,177.94570767478217,0.5542679741973346,0.8488194333558479,0.5193368628307372,<20,8.978847834605789,13.825,3.5161057392453396,65.8
e64dca05-bdd2-4ee1-a748-f2f50c7dfaa5,1.0,pass,0.0,0.0,1.0032727383042883,179.0687492117727,1.9777470487495572,3.016285056435233,21.5206609877523,20-45,10.182138655668691,0.55,5.435832560299147,74.6
e682c5d7-042f-4d5a-8425-f44a68ce8f95,0.45109,pass,0.0,0.0,0.3608718891168081,252.50777745499775,0.5932041667518383,0.0,0.7480252483597987,<20,13.604053505344725,21.875,3.7223343928290005,75.5
e6fc5ab4-58ce-4e9c-903c-3c12930becd7,1.0,pass,0.0,0.0,1.0006179084530518,100.26187565973194,4.067663336346654,0.3014237185757738,44.210519142566156,20-45,4.963004063578321,27.05,2.6970885802950293,51.7
e727f06d-206d-4758-8d9e-d017f0f30eff,1.0,pass,0.0,0.0,0.9547861993279514,142.15439375615705,2.0603794640139106,0.8644865562494085,21.092529593257957,20-45,8.531532573022446,7.625,3.3977805966920283,84.2
e72f96ff-824f-4540-ae4c-b686f2008188,1.0,pass,0.0,0.0,1.0066440009073285,192.7115745376856,3.446743986365428,0.14956365896216714,6.0651355562952105,<20,8.692835788101966,13.975,3.488807742196982,85.5
e75118f7-ade9-4593-9794-8eb5fda02644,1.0,pass,0.0,0.0,1.0008422180844405,354.97993318358607,0.3983439956323648,62.824351615760854,1.1361851039525919,<20,17.750513323552873,0.0,33.220302247833345,95.9
e7551f4e-464a-4529-923a-711aa86f125f,0.416424,pass,0.0,0.0,0.33313882055373456,53.83758932548906,0.9266070505766612,1.3573643512704254,8.805190157924022,<20,2.688618987331202,4.85,4.445452295254504,87.9
e7581b00-9520-4a57-9d69-e85503fda417,1.0,pass,0.0,0.0,1.005614285861875,39.48523929480018,0.16078031982327534,1.8815896902429554,0.15299240891372418,<20,1.5856650298068165,3.825,4.105784317880439,82.0
e7c1aba4-a984-4aa0-b22f-929310dc0fa2,1.0,pass,0.0,0.0,1.002915593301356,385.6056727873345,2.30810750524465,67.30925195228721,4.2975713464993675,<20,19.314607393345742,0.0,58.676578924059356,113.3
e7db8971-2a3d-4c9a-8968-100852d5acb5,1.0,pass,0.0,0.0,1.0023684420499954,563.7266331928864,3.308793241303757,16.744438514839803,9.872773743538614,<20,28.204426402115352,0.475,17.74623669416369,28.7
e828096d-5889-40bb-bc6f-2feed7db9821,1.0,pass,0.0,0.0,0.8716359653614875,41.21544245814104,0.4809141884625581,0.129958275909155,10.337351403006185,<20,0.3680199289484205,10.675,2.8556163849309812,62.2
e848c843-d275-4f60-a194-61cc7f699124,0.625153,pass,0.0,0.0,0.5001226601069483,131.48815962916802,1.8348842650942045,0.5277611178521894,77.09042808065264,60-90,6.909246133948251,14.825,2.962451771588734,73.2
e8a54ce0-0245-4f7e-8f66-f3a2aeb53629,1.0,pass,0.0,0.0,1.0034277988159483,17.41359796691286,0.43627001658566344,0.7471342134481134,0.3636210870414262,<20,0.9417122828499793,17.65,3.1243433230396667,94.8
e8ef86c4-d514-4454-b838-f41d2a3f590f,0.0,offroad,0.0,1.0,0.5244000385639602,226.97289935011284,1.1966012579743537,0.8467811598730052,8.41494784629196,<20,11.444269540152874,4.35,3.7761435001447192,87.7
e9335cc9-4273-4c4a-b975-051551836cae,0.860775,pass,0.0,0.0,0.6886201520900351,135.11438238818104,0.36030816628902673,0.0,88.2950032330377,60-90,6.713584016436323,17.625,3.3939874621807875,89.9
e9384415-5802-47d9-ac6b-d61d48f40dd4,1.0,pass,0.0,0.0,0.9243490008983051,104.6009436123481,0.32378385030634366,1.4844831481868765,2.5276789118696046,<20,5.205233128951095,11.075,3.8310984113079103,43.6
e96df3d2-9c50-421e-b7ea-c606b93bb6f2,1.0,pass,0.0,0.0,0.9035697696099678,267.7975025754553,1.635571415109377,2.1289124361331355,24.979115179307108,20-45,13.18226961622839,1.875,5.396660512528321,55.2
e9990bdd-c70a-4078-9f56-a406d8c43f98,1.0,pass,0.0,0.0,1.002696866796271,111.26468330247806,0.2279891150409698,0.47889943172685967,1.9961739195192247,<20,6.834886275194413,23.925,2.7240789690863068,89.4
e9eecf37-dbcd-4705-b300-d7eb6ea9988c,1.0,pass,0.0,0.0,1.002815086689905,361.85125351594644,1.911635107920315,10.198306861351776,12.881869283098347,<20,18.111038826139982,0.8,13.704305285935625,80.9
e9fe4c3b-a052-4ece-95a0-6f4bc9463a39,1.0,pass,0.0,0.0,1.0027636084775722,204.31929750688852,0.2294049443714726,1.1180269983502964,0.3766566031118867,<20,10.3239244958974,14.025,3.289750331683977,55.8
ea38e557-6b91-4bad-982f-58f2fcbfa382,0.0,collision_at_fault,1.0,0.0,0.0392137828977633,43.48906891017484,0.0012666703116225224,0.0,0.726683421266598,<20,2.5005894403870137,7.2,6.007377634358957,76.6
ea468790-9c38-406d-a4cf-4c43fbc091d8,0.754225,pass,0.0,0.0,0.6033802695689703,109.57194810396388,4.021084255369974,1.620897863328175,61.954242635684686,60-90,2.1918836338715058,8.025,6.573604603946233,88.8
ead24f22-8efa-4e16-ab82-b6e22772c80a,0.303236,pass,0.0,0.0,0.24258881278819233,105.34616228460655,0.6296270411753372,0.0,60.43661707066124,60-90,6.491101850346468,4.05,3.2284706667748506,79.7
eb18182f-574f-4826-85bf-f9380c281d52,1.0,pass,0.0,0.0,0.8978791176665002,223.86646749757537,0.6678700127560605,0.25979457460781563,5.0799006373078255,<20,11.28870824842309,11.575,4.875437640904333,101.2
eb4b6564-ecb1-4d95-b0b2-ec5a08ac5313,1.0,pass,0.0,0.0,1.0038147305219913,221.57037299919074,1.3419125840532002,1.816511403985887,13.75051801341833,<20,11.098780250930101,7.35,4.790606790884628,78.2
eb7e7674-8022-454e-b957-e7757217b078,0.718217,pass,0.0,0.0,0.574573557246442,190.67860645124307,0.8897210103902246,0.8077313558512166,50.91846380981798,45-60,9.39797635293613,8.875,3.417855767223276,80.3
ec16a57f-567c-420b-8cd2-dd6874b3b8f1,1.0,pass,0.0,0.0,0.9324614988712436,570.8963198865799,2.626239398139675,2.7376184016677225,8.068246204665122,<20,28.521987707345932,0.1,13.126940535938267,26.2
ec1d0b2b-c6d5-4b3d-8990-7e2fff7ad05b,0.949762,pass,0.0,0.0,0.7598099164535289,168.99989250775533,0.7627922285586213,0.0,5.883142879248079,<20,9.291498539749274,7.425,4.121079780600332,85.7
ec32b747-5108-40a6-a214-4d8510f843bc,1.0,pass,0.0,0.0,1.0067066510416178,90.15500284575211,0.38522911527186643,0.8523147736754015,0.8237516327824055,<20,4.029080142228508,7.2,2.985347096902125,77.8
ec41061e-077f-411e-838a-af1e564d9666,0.178837,pass,0.0,0.0,0.1430699595864772,100.13345759817472,4.269200214597867,2.1571616688001956,75.94984662726048,60-90,5.265477905499606,11.15,3.1709750629089926,80.2
ec684752-0bbb-4561-8e99-483a39318efe,1.0,pass,0.0,0.0,1.0046018035587283,419.5251274341997,1.1235228081416089,4.65766811448595,4.562172823424832,<20,23.156037535911793,2.975,4.799444716022218,65.2
ec76174b-64a9-45fe-bad8-9c2cfa4493c2,0.660912,pass,0.0,0.0,0.5287292464866208,134.73516455620495,4.066362442494776,0.7074754044903141,86.08305211361748,60-90,6.3990543677802,12.625,2.6872021767848855,90.3
ec7ca221-f28a-4b73-a397-b804a101a1b9,1.0,pass,0.0,0.0,0.9756273249036652,192.5898668669595,0.45409318238717233,1.8214762400155442,2.770728565271328,<20,9.451237902864495,4.6,3.9603421746797713,81.4
ec910872-2c20-4a85-a0ac-da6833ee0f92,0.0,offroad,0.0,1.0,0.5602733398133599,180.9421185280613,0.9666909843463637,44.69325748959973,41.73538672492915,20-45,10.250713060899708,0.1,13.256858328958359,83.8
ec9a9fd9-d095-4b27-8e24-b2287d76ab1e,0.95757,pass,0.0,0.0,0.7660561898062676,238.6216124771017,1.1033726665877956,4.770779489612328,7.747598891901458,<20,11.640728781661862,1.15,6.686569744852706,72.0
ed143086-bc48-42ea-af3b-646c88eada2a,0.844173,pass,0.0,0.0,0.6753385715307273,119.84819447541201,3.8916201117325637,3.0250846898343466,54.9787856870575,45-60,5.9947258222155355,3.75,6.749968948756515,38.6
ed1734bc-6b7b-409f-b4b3-27cfbbf2c642,1.0,pass,0.0,0.0,1.0002338269562303,97.40261981306588,3.942386644028744,0.7258543946411206,19.20012656636402,<20,5.149910579432258,13.525,3.226539216827351,89.2
ed2774ed-8238-4eac-aa14-07bbd99f95a0,0.339279,pass,0.0,0.0,0.27142324261538364,73.61649269831561,4.055658959044861,1.891391817208927,87.241208908746,60-90,3.9330860643702295,13.625,3.4158688100766854,98.4
ed32f15d-ba6a-4951-9391-db3d7a3a8ebd,1.0,pass,0.0,0.0,1.0025451572051693,9.285621581664264,0.3891640100749051,0.8533121342472813,0.5168647668741488,<20,0.39939731795121236,15.0,3.100459009127655,84.4
ed7b0427-bcdf-4af3-9d69-d3ef795ed7d8,1.0,pass,0.0,0.0,1.0026582983221315,550.3162821192278,1.961059362957751,18.24057774082488,2.124118280339304,<20,27.569256374818494,0.125,20.131348952456495,32.1
eda66f79-fa63-418c-97e6-14b91a0c615f,0.192968,pass,0.0,0.0,0.15437433068501344,176.37289897394734,0.42444905494552915,0.0,33.16026604848509,20-45,8.752143963343084,5.275,2.8643518201021108,94.2
ede6735f-faf4-4dcb-a392-3e8af24bfa65,0.0,offroad,0.0,1.0,0.13090502398191456,179.2237073933917,1.0651904497451414,9.37552726487753,140.28322372332923,90+,7.884634593747148,0.175,3.384809918885282,79.4
ede8c19c-d344-4835-8613-4692b0c605f4,0.640561,pass,0.0,0.0,0.5124486621164687,410.2196491360686,2.215821040335637,1.9039524082151775,32.72580008615097,20-45,20.537097328312274,2.3,4.078227452132156,98.1
edff7d34-861e-4afa-89d4-79597dc62e25,1.0,pass,0.0,0.0,0.880419007265335,175.4740598253707,0.2880511844205118,11.023731145487918,0.6128816305386675,<20,9.257798693577595,3.175,14.67377731024985,73.1
eea2fc6d-1d30-4cc7-9818-6882f0bc9af7,1.0,pass,0.0,0.0,0.9043536425662272,141.65427687263838,0.6729722788910486,0.0,4.472281712633388,<20,6.978665813458156,10.025,3.692330257237197,73.5
eec448a5-bb52-469d-b76b-3cbd5980533f,0.859031,pass,0.0,0.0,0.6872251102424267,422.72492889113425,4.022644186688664,0.1030434955864188,15.946029231997189,<20,21.39672598269369,3.775,3.7443467448427654,75.1
ef1d76a9-a754-40f3-ae3c-8edb3cd112ef,0.326939,pass,0.0,0.0,0.26155153106065104,277.8736893240884,0.6939524218816034,0.0,72.99173336981838,60-90,14.057461988236255,1.425,9.003209886785923,84.1
ef53b2ec-8645-42d0-9aba-a5dc51fd48c8,1.0,pass,0.0,0.0,1.0030042028490906,674.2727513777683,2.777337539128264,8.1999654164419,3.1315596632275646,<20,33.71764045999566,0.6,11.851264106196458,95.0
ef6dfba5-5284-488a-a43b-4f2e8a25c0b0,1.0,pass,0.0,0.0,0.9902377042308028,195.01932462377832,1.5774103023105996,117.21521146072334,25.94619232653561,20-45,10.82254898059187,0.0,119.09551612249606,21.4
efbc3404-cc6f-4af8-93c8-a9964f963bed,1.0,pass,0.0,0.0,1.0052236196527538,197.25560990727016,0.9244313137511733,1.234891435084822,4.114925232132926,<20,9.530587468804246,2.475,3.6494348953586533,30.7
f00d080e-aa4f-4f21-9135-8837436091d0,0.640849,pass,0.0,0.0,0.5126795270320634,401.72196969010196,3.372841269078452,0.0,17.116168415193762,<20,19.642867377581233,0.15,3.445616725960574,102.3
f0132144-b084-471d-afa4-6e0efc7aeef4,1.0,pass,0.0,0.0,1.0040443266756678,154.51282286963036,0.5549467952435634,2.540174721893171,1.98764792253647,<20,7.779703758084741,1.825,21.06909314944397,85.2
f03877dd-a2a7-42af-adad-377a6d7b3e9f,1.0,pass,0.0,0.0,1.002506418235518,249.24081311145702,0.5091121478277059,1.9066003539914385,1.7648504448183189,<20,11.98722832148107,7.675,4.167077811257529,40.6
f0674f19-6030-4e5c-9031-cd2528c35e06,0.0,collision_at_fault,1.0,0.0,0.02601541665670192,76.73618715596646,0.17582224397238994,0.0,81.4219847129347,60-90,3.651783323626118,3.15,5.9824845271773155,69.2
f095ecaa-fd12-4448-b384-b11407bc5c4f,0.29149,pass,0.0,0.0,0.233192395148797,191.97689963696527,0.3651356558813171,0.0,16.358477970821646,<20,9.643288593733299,3.5,3.1106910301320037,73.8
f1069db5-593f-4a28-adef-a1b8bff97c3a,1.0,pass,0.0,0.0,1.00421382316177,165.58361266774165,1.4164397773176298,1.4738537348000686,4.7398578576513435,<20,9.336947450630905,5.975,13.743701343529311,62.4
f109888b-1fff-48c7-b35c-c02307c58216,0.0,offroad,0.0,1.0,0.28647936536018476,293.768325283113,1.2759234716484702,15.12312205687004,7.328885327149192,<20,14.752457961023723,8.225,5.884388114313017,61.7
f127fab0-7644-4631-a65a-37926e55d55e,1.0,pass,0.0,0.0,0.9695744466103878,156.60493782706624,2.83250791919878,7.254692248727543,4.08121758180052,<20,6.4863260019723565,2.875,8.128975028070927,81.8
f128a0bb-1f4b-460e-8f62-6b387988a069,1.0,pass,0.0,0.0,0.8926524322881337,83.76906079822992,1.1517437398783403,0.5995434188932323,59.67631151188304,45-60,4.380582583056254,13.225,2.9695490669349174,74.8
f13dc611-82d3-4973-9451-b3cbd1e4692a,1.0,pass,0.0,0.0,1.0051148261489524,156.07265745153637,0.7817363051706228,1.1926268272824883,0.6572027296603697,<20,7.866645550418393,9.225,3.468941715746357,94.6
f146fc3e-d484-441d-9c3b-b84790613794,1.0,pass,0.0,0.0,0.946224341661302,306.4016408431416,0.45664272930108,1.242400748682468,7.055736416256102,<20,15.533172102523723,0.95,6.368118894085564,75.0
f1575120-c0b8-45f3-9bc7-c7bcd76703f1,1.0,pass,0.0,0.0,0.9814298791676243,609.9421290925923,2.018267843245795,1.4742066426237057,3.096296884002928,<20,31.778464105594956,1.65,4.984651576777483,79.8
f18c6340-ab0d-4f06-8185-260b90430062,1.0,pass,0.0,0.0,0.9993769805608921,19.513234697468533,0.49431988119904413,1.0605445998810683,1.6514463974975753,<20,0.3919727480079327,13.425,3.2539000596192595,73.4
f1964480-fef1-467a-96c1-99dedf008873,0.0,collision_at_fault,1.0,0.0,0.11017388352636269,101.56462129917381,0.429762482572291,0.0,63.823077439222786,60-90,6.038299971314221,2.275,3.823633152429138,75.6
f1e39bf9-3be0-497a-8250-7b1412625728,1.0,pass,0.0,0.0,1.0066711309765148,117.15187153863033,1.238662500658592,0.97845202390255,2.3563669597023815,<20,4.186032188124382,6.75,3.241120585615203,79.0
f20af970-3a39-4b68-a33c-7abaa16d5589,0.0,offroad,0.0,1.0,0.6966649846134388,66.99850516135048,2.6625174321744547,7.350302389089755,62.93691990946342,60-90,2.8897032672282252,2.475,9.123949686245169,66.2
f2379a9a-79be-4106-93e6-7e02a84ff04f,1.0,pass,0.0,0.0,1.0057702629234302,192.2487099447879,1.252060342882727,7.958011791204194,1.9096934666336827,<20,11.2792904722288,0.6,10.223028219576921,65.0
f23b6d15-f366-4e4f-b45e-dececd3184f1,1.0,pass,0.0,0.0,0.9647155337787886,187.3814067032913,0.5697509953549384,1.5948802332897667,1.455312043283671,<20,9.393345741470803,14.25,4.4781714927979275,91.5
f2bba238-2d2f-4b2b-8243-3166c428f22d,1.0,pass,0.0,0.0,1.0030909466579856,439.49702928872836,0.8031859418771874,,2.270063954181879,<20,22.09880727247502,0.125,5.402339259381805,93.2
f2d07c13-9120-46f9-915b-28b5563af2ba,0.209079,pass,0.0,0.0,0.16726284154326096,242.94686051800596,4.402613139324551,3.8831125530928965,70.63181800921325,60-90,12.640880554057404,6.375,3.5054367185636366,61.9
f2e97ba1-c980-45cc-a358-39ba1d1381eb,1.0,pass,0.0,0.0,1.003436470806333,271.74990990369946,0.7801274676685065,5.053348752262124,3.182287777700888,<20,13.616120759679793,2.375,6.5086323619808075,74.7
f335b031-bbaf-42a1-bd5d-465081ec5f4b,0.3669,pass,0.0,0.0,0.29352022110974474,111.16208810201418,4.45212643954544,0.9998836701254751,62.193929759980904,60-90,5.958214242834477,14.375,2.620002794969875,88.8
f33ec7db-febd-4f0b-9924-3f9a26e6983d,1.0,pass,0.0,0.0,0.832472403762515,13.677083585857506,0.0272052339806966,1.341421908542212,0.7691242419327796,<20,0.23359100949818046,12.325,3.441447759639427,97.5
f341c0aa-2fe1-4f20-a918-7ae2502e1e06,1.0,pass,0.0,0.0,0.9919297692768636,295.1111778344714,1.010624666309381,0.5408942855658387,2.730366982190709,<20,14.801076407276877,5.825,4.352051308745829,52.6
f38424ea-61ee-4fb8-9686-8163f246ba0e,0.0,offroad,0.0,1.0,0.581228334880816,261.08398417078587,0.8752667738627067,36.764896123886224,93.34393896111298,90+,13.04765919328684,0.125,25.233599074761354,90.8
f3a32cfb-473f-443b-99cc-74dce9acf342,1.0,pass,0.0,0.0,1.002318298709771,91.96061637712197,1.8458397126683443,0.18473059796472116,14.646039483704856,<20,5.845507718245647,4.225,3.3199271112364026,85.0
f3cd10fa-4624-4932-b6da-3622ae3da2c7,0.538351,pass,0.0,0.0,0.4306807263501665,493.9915001029294,1.1631615337931476,0.0,0.6349099484573526,<20,26.875073786662515,0.575,4.048339534093551,15.4
f3e2580d-2319-410a-9ab9-e90f1a137f59,0.562231,pass,0.0,0.0,0.4497846954558901,277.6795713265229,2.784016106712126,0.0,82.86931507446836,60-90,14.940071414015877,1.675,3.390358317609431,90.6
f3f3b187-5602-4aa4-8027-c827d96d45bf,1.0,pass,0.0,0.0,1.0031584120380395,508.13306107814174,2.080624081007848,0.00209496209440907,9.66477827912198,<20,25.337362177703216,3.0,3.573481985339458,27.7
f3fd4dbd-5c4e-4774-8b41-ebb9b515e9cb,0.305906,pass,0.0,0.0,0.24472455232261425,127.1476646155414,4.213578785821188,13.87364243529012,76.11514712869652,60-90,6.989673788947022,10.675,3.4791200584463544,74.7
f45e7779-718d-49ff-b59f-42c74a77b9a9,1.0,pass,0.0,0.0,1.0031790558861462,267.8619803618804,0.7498102027675667,1.816964661120534,2.3396044276882164,<20,13.400274040906439,2.0,4.49454351862927,94.8
f4627599-88a9-462d-8ad6-10c9dd278e71,1.0,pass,0.0,0.0,1.0043901261299266,137.7566988763096,0.28256888978245753,1.0945431328215334,0.6592807948780818,<20,6.986967445308458,8.45,4.479268352291171,64.3
f4c583d8-3b7f-4d10-9e30-558cc80677ac,1.0,pass,0.0,0.0,1.0034749621861343,412.4492949790981,2.005726290883487,13.417424754330684,2.3071628393028667,<20,20.625291986866994,4.075,15.348314896956277,67.4
f4e31360-9d31-4064-8cfb-efd7f3e072b7,0.0,offroad,0.0,1.0,1.4750690942395534e-05,72.59504618355513,0.002031225625997075,2.612659116685011,62.51264814535772,60-90,1.660594170267282,2.7,4.626097809070964,63.2
f5288635-b1e5-4629-b38c-4e0e4e79f1c4,1.0,pass,0.0,0.0,0.8417569880471453,66.51383013328314,0.32104572331882686,0.0,0.5613707801162032,<20,0.025975043674735295,9.125,3.208221496982155,90.0
f55825ac-4cd3-4222-8fec-2da2aed646a0,0.762708,pass,0.0,0.0,0.6101665730782254,513.5487065267145,1.8363116903968908,9.705254246671664,15.622100357688266,<20,26.116378445455634,0.075,8.285717529944375,75.2
f58c6fa3-a206-4d99-a8b8-1d924428761b,0.329856,pass,0.0,0.0,0.26388450326640356,445.22791361883594,1.8100333699885145,0.0,26.31387144786427,20-45,22.166086436251895,0.575,6.266733458156259,23.4
f5e30435-0c70-4a1b-9f18-184ef794a28d,1.0,pass,0.0,0.0,0.9109651519668978,508.3710443094407,1.041353498241869,1.7426850979734099,1.0251845581033505,<20,25.06933654039175,0.775,3.9548217782871844,92.2
f5e44ac9-000a-41db-b4ab-28d46330bcee,0.904797,pass,0.0,0.0,0.7238372314279566,284.1213853919792,2.6966933022244626,71.66737358197041,29.824737447599578,20-45,14.325708317659982,0.0,54.21189873327607,19.8
f5e4e873-4c83-427c-a2d2-3c5179b2bae5,0.0,offroad,0.0,1.0,0.12026229030188973,208.25317213771157,4.010835008651538,17.397912673189932,93.71175747727541,90+,12.40656495543631,0.6,11.239206944206343,58.2
f5f6d4ff-6a4b-49f0-a1fa-d5b6fb03bdff,1.0,pass,0.0,0.0,1.0029724746525632,62.826655743462226,0.8105501160922898,4.186789984997057,0.8832489162700413,<20,3.3544880022340515,10.4,6.704079468230052,79.8
f60f9d49-65b7-4fdf-b2b8-da49f28fabcd,1.0,pass,0.0,0.0,1.0037106267422844,106.10797564690422,0.48645172425144256,1.1010126133895914,0.8381855428643836,<20,5.953962420153496,14.275,3.6415624707353986,64.0
f636ac7b-7984-4c83-820e-c315642d1bfb,0.0,offroad,0.0,1.0,0.08839438629656614,185.80392910992182,0.4379532305881298,0.7657736081927196,61.7145016642185,60-90,8.28758727130227,3.925,4.212406645501563,92.4
f650ef79-8b72-4286-ac1b-6c4d2e825aaa,0.850126,pass,0.0,0.0,0.6801006886042558,494.82930077357685,1.7308181560898714,68.7243415431419,29.20476726903161,20-45,24.524763155614057,0.025,26.154471590777355,34.0
f67a3ca1-4ddc-483d-8203-26918dd31e0c,0.0,offroad,0.0,1.0,0.3418526441441336,20.011476332324523,0.020784850619273425,3.841077941936091,11.898355902355924,<20,0.5842481538078429,7.675,2.810320046590865,81.6
f6885ef2-a7aa-432e-bc35-f702c93afa01,1.0,pass,0.0,0.0,1.0005729789563775,283.18069542453554,1.0010247751930195,13.916364843618032,13.531166987527376,<20,14.121100397771533,0.8,17.843662989258128,52.9
f68b3f5c-2030-4a38-985d-c319da26845a,1.0,pass,0.0,0.0,0.9523515677742482,63.548285866068035,0.9639388589431203,1.0854118366200254,41.00566572666887,20-45,2.2909248831696187,11.325,3.0669748544887274,41.4
f69a9538-6694-48aa-952e-5b27b3f915fd,1.0,pass,0.0,0.0,0.8472352895424525,141.41341588656053,3.7694498215558068,0.47490467660013524,77.40495269974403,60-90,7.299363558327446,14.15,4.220234678859697,75.0
f6a1f6e2-1c72-402a-84b2-43e74edd3a48,1.0,pass,0.0,0.0,1.0063328936869855,63.44578238345557,1.0874824849595337,0.11274025610632431,6.497670206365197,<20,3.0410315278001416,12.725,3.3868119018975955,92.7
f6e38e7b-64db-4381-bbf1-d8814db2bfe8,0.810627,pass,0.0,0.0,0.6485017735580533,137.75144412938374,0.9976952147913346,14.013944853628308,54.78818387819536,45-60,6.865498216081192,0.975,13.672314525702477,89.7
f776e499-c8fb-45ca-8050-ac9e96f2fa44,0.79594,pass,0.0,0.0,0.6367517339115224,193.24296430433603,1.1229063054998232,3.8182812771338392,91.13829467096525,90+,8.681853315215825,0.25,12.631905993924814,44.5
f78017f4-6be3-46a6-bee3-eb4efc67442e,1.0,pass,0.0,0.0,1.0026601391281897,399.57904047662544,0.7286817172243346,1.89943812882202,3.996971031494983,<20,19.89485632984283,0.8,4.203861224060459,82.0
f7bf0ace-7baa-464a-8fc9-91e3c9c9c223,0.20956,pass,0.0,0.0,0.16764816199622995,480.0013759153158,4.319384405448558,19.250747350180117,29.742099635649762,20-45,23.905469012712093,0.225,16.437800479673683,55.3
f7e71bb3-7aa5-486f-81e0-70b4ea8793ef,0.0,offroad,0.0,1.0,0.47108283735545525,308.679055812539,1.4327319414267718,0.8951921395430895,20.925235147206376,20-45,15.770314111489743,2.375,7.854744099084027,52.2
f803b3e3-2c70-43af-80e0-44fef67f207a,1.0,pass,0.0,0.0,1.003087608855186,101.27476997718844,1.4598562432832964,0.43997971419983706,17.182460283881262,<20,5.548402874815002,18.725,2.791893838798941,71.0
f81d7405-f198-463b-99bd-3ba907eeb35d,1.0,pass,0.0,0.0,0.9990600148358454,553.3412377969676,2.2764464689652413,14.344558935626777,8.186448408556677,<20,27.675340099921932,1.65,15.07431637514342,54.0
f890fe10-a8f6-47fa-8884-cd6ee54a940a,1.0,pass,0.0,0.0,0.9037677044808906,0.03993033058515296,2.283374749897409,0.4888678741662478,0.0034656154305082185,<20,0.0018372641269828929,10.4,3.488231364462229,90.5
f8a680f2-599b-4967-951c-18b9cccb331b,1.0,pass,0.0,0.0,0.9262345802403116,95.92168237956935,0.5170577242258714,6.866036873153271,2.739474759807089,<20,5.16823012719538,1.4,8.848339679357084,85.4
f8becb46-598e-4a77-b8e4-f875ab02625a,0.0,collision_at_fault,1.0,0.0,0.027165813137730494,131.5202311131796,0.028336676287224236,0.0,6.967563714306285,<20,8.117672090375597,7.0,3.8764488385706835,80.8
f8d52c55-f9b1-41cc-9da3-9470380b5618,0.0,offroad,0.0,1.0,0.45082027775746814,127.19414318174533,3.534617280553502,4.211241198741641,68.26303632211075,60-90,6.275796631714162,8.125,3.6024846244796276,72.5
f8ee31cb-cf0f-45ef-bce5-1b43bd6a4d25,0.394263,pass,0.0,0.0,0.3154103335975951,75.35847512241155,0.0484602503876133,0.0,17.99186646783175,<20,3.096891446613083,17.325,3.068914062491221,94.7
f9121c36-20d3-42f4-8859-bd9ff300dbe9,1.0,pass,0.0,0.0,0.8505272057867059,192.01800115217443,0.5763428422940489,0.0,10.560161041289426,<20,9.500720600600891,3.35,3.806173900796454,83.7
f922e4bc-7bf3-4c4d-a254-63fadb4fd2fe,1.0,pass,0.0,0.0,0.9716784843366693,84.30148674741524,0.3660989986983777,1.0659642448076931,23.119210548319636,20-45,4.332149362651913,14.15,3.428487312713355,85.3
f93db5db-442a-40f5-87fb-24f061a12c1f,0.46153,pass,0.0,0.0,0.3692241658135148,84.18488460339515,4.042443678841243,6.292027583105689,65.50326099556462,60-90,3.617690199447296,3.025,7.3714734947843725,68.5
f93f17da-7f31-43f2-8240-6a9ac245cb2e,0.162723,pass,0.0,0.0,0.1301780635375857,276.1488061136548,4.130259058666619,2.581477261272193,20.902425378082864,20-45,14.750050842176599,2.725,5.477737359167063,85.2
f9b13f62-5c78-470a-beb2-3b2ce16f9864,1.0,pass,0.0,0.0,1.0073633064874759,71.62181221161272,0.2650615073765965,0.8305351747893647,1.385489628365569,<20,1.761281714837755,9.375,3.1879003221459494,80.8
f9b8a142-8d3b-4f30-9b00-c484d23d28fb,1.0,pass,0.0,0.0,1.0006589111939757,609.4689352119573,0.7669578794986479,8.997233765966802,0.6859773725548993,<20,30.518611228184806,1.25,10.893435445237637,41.9
f9c6d9eb-a008-4906-8726-a4b34cdd0b82,1.0,pass,0.0,0.0,0.9646636417015673,90.35391485779265,1.0726888282943654,0.29408324731229574,16.87325108593487,<20,4.503689470987962,17.225,2.9245707185987397,93.6
f9e361aa-5e93-41bd-aa5c-406999a5b9db,0.491365,pass,0.0,0.0,0.3930916975960689,156.10708300782096,2.396594096104942,0.0,74.42923160596091,60-90,8.050426950259869,5.65,2.6160161720512303,95.0
f9ec6a41-a2c9-43aa-98c7-9f43af02fca0,1.0,pass,0.0,0.0,1.0056297489541175,179.24151856320285,0.5152403590014686,1.0321735938208636,0.538047251668966,<20,9.376038604856777,2.725,3.027784625501363,85.1
fa035232-d2ea-4725-a4b1-89a5686371de,1.0,pass,0.0,0.0,1.007895502797921,114.37103710033082,0.9965727459245877,0.05860910801978186,1.4042706465700405,<20,4.569813990515189,7.775,3.1281341521098125,110.2
fa1f799f-b2f3-48d7-a61b-e06c619a5514,1.0,pass,0.0,0.0,1.0038556269125511,552.9247129426675,1.3791416220031452,9.531490905610429,4.474518195267924,<20,26.864111221404126,0.95,12.470334013046239,96.4
fab5bc4a-17f5-42ab-af79-47c2bed9769d,1.0,pass,0.0,0.0,0.95150239514088,121.97774626039735,0.2184522804477832,1.0790822364450026,1.3272743834976222,<20,5.9477079167687785,14.7,3.2178037935291837,56.7
fabd5ce4-d54b-44f4-97ae-599822db7baa,1.0,pass,0.0,0.0,0.9537962670308976,162.9037937605439,0.7966669045800256,1.4141971880244462,1.5802100318569046,<20,9.340102564663727,10.075,3.1102679666271182,70.2
fadc118c-4ab4-4396-8e03-945fcaef54cf,1.0,pass,0.0,0.0,0.9627314007550803,15.606317117603034,0.04361844380794382,1.3417775731388601,1.028621340708032,<20,0.0011453049377912704,8.1,3.677101409297617,84.8
fb138448-e925-4205-b3c6-913ac99f186f,0.755108,pass,0.0,0.0,0.6040860841263074,175.64617180794104,0.21714192111073885,0.0,1.4099666875576087,<20,8.961102657367839,8.6,2.689036006489318,98.5
fb36b704-9f73-43c2-b4ac-24c34d72a150,0.336352,pass,0.0,0.0,0.26908198920229587,191.02620123735127,1.9277558859159838,0.0,60.66186115733272,60-90,9.941214944434364,2.7,3.8336417273478114,68.8
fb6d1a18-16cd-45f2-b80d-fa963ff59de3,1.0,pass,0.0,0.0,0.9977246830353108,114.6263483564041,3.9284476068750678,0.7024301848236003,31.835161089247308,20-45,5.94364401722904,12.55,3.101874748232627,97.1
fb8e3ff8-9914-477e-87cd-afa34eea856d,1.0,pass,0.0,0.0,0.9543574440354983,27.109138396809836,0.5045912344801889,1.0605651818370296,2.204330230064535,<20,0.018734379206477664,17.525,3.9142185313631344,81.7
fb9d23ed-a844-46c0-97ef-4de29ab626bb,0.0,offroad,0.0,1.0,0.34001390471049076,657.3432923856864,3.0699015832302994,11.681840736250404,0.63987482011766,<20,32.86783421227036,0.075,14.44046358783922,80.5
fbbadc60-8365-48b6-acd9-aa546f76dd95,0.0,offroad,0.0,1.0,0.6063742509335777,377.77329798550164,1.8693326355610433,98.49913231502451,10.872902439908803,<20,18.757775394095177,0.05,9.131563654915446,91.2
fbf1acd4-66a2-4584-9c05-685941b5a6bf,0.995847,pass,0.0,0.0,0.7966779036544972,162.46491087407347,1.1723501993022827,2.0826814543352175,58.5511412512937,45-60,8.218819033546378,2.8,4.821672052881634,56.3
fbf97438-2a2d-48ed-97a9-a57547dd1fcb,1.0,pass,0.0,0.0,1.003957320864218,296.9121720574814,0.778915559383106,1.5972599396222749,8.371326369531374,<20,15.070586476754286,5.675,5.49251875878579,94.6
fc41d9e9-321d-4835-9ec0-776ff74ca61e,0.442574,pass,0.0,0.0,0.3540588301831291,173.5705807316195,0.17371514487427644,0.0,0.7693847528243065,<20,9.261179409200802,5.125,5.051089935048252,52.1
fc89c237-ee5e-40bd-be20-dcecb4ca97ae,1.0,pass,0.0,0.0,1.0083086439392452,86.7578446170463,1.340174632669238,3.853876079145672,36.234187310947036,20-45,3.9307406154171476,1.9,3.757672961422905,85.3
fcd8cc77-7679-47e1-a439-dffef2eaa260,1.0,pass,0.0,0.0,0.9597760314491648,639.1847220867963,1.852158246462592,0.5293378165000838,0.8849977337396465,<20,32.46634037117323,1.9,3.677108403873402,69.4
fce18b62-3fd4-45e5-8af9-367270d5986f,1.0,pass,0.0,0.0,1.0000331954089756,32.30354805314757,0.34500551488891007,1.6962321704074534,0.23415673540579285,<20,1.4941193903816352,23.75,3.6142879014930847,68.9
fd01e9ab-05d6-445a-b974-02a33793ab49,0.105975,pass,0.0,0.0,0.0847803601535093,235.80585556363482,4.052266409449557,1.692733067729438,88.07090822366797,60-90,12.044359300224878,3.975,3.781863961274106,84.1
fd1b8b64-a994-47c1-b739-5b5840ad4729,1.0,pass,0.0,0.0,1.0031581631088875,250.11742768930617,0.35985612801627725,8.292096769259702,2.6647462635654424,<20,12.679633497452466,7.2,11.387388134333182,76.7
fd3a49fa-8d3a-4c67-b34f-9828c5d3df87,1.0,pass,0.0,0.0,0.8885815185381842,241.25490353652162,1.1883445536427883,0.0,7.492127864786649,<20,12.096160607100982,5.05,3.9244524111781867,94.3
fda39805-f188-4751-81cb-9de1c5071b5d,0.958084,pass,0.0,0.0,0.7664668451914866,47.19469194132648,4.136597553066601,1.2201958192457358,70.43075732514079,60-90,3.146968814196754,3.3,3.4109975458902904,72.0
fdc8aa11-35f3-41e3-863d-1faa9860f049,1.0,pass,0.0,0.0,0.9049518566794714,160.034487811689,0.6355659078220093,0.7822202588450824,1.3650405456124184,<20,9.167914644550635,15.575,3.2528186562171864,68.6
fdd7a05d-3314-4663-95f7-90fd6b01ecf4,0.0,offroad,0.0,1.0,0.2605374335835547,25.831350487030484,1.6834978719987095,0.6004716991948023,53.77154212661358,45-60,0.7646062752267629,13.8,6.698456417142079,75.4
fdf09f96-1b3f-4b10-b4b5-459fe6ad2a95,0.111522,pass,0.0,0.0,0.0892172264011269,241.2094144559325,4.009711277559425,44.61115244218783,66.59011954215906,60-90,12.97007686919379,0.525,20.1037658010133,70.8
fe0c2168-7da0-46b7-b29f-efb80b0a41dd,1.0,pass,0.0,0.0,1.0032965236666689,313.93247159086627,1.0033330254396953,3.063847832750547,2.851704241988072,<20,15.719489861228524,4.825,5.3172907580452184,94.0
fe2979f4-db32-4a82-9ea0-865103216ac4,1.0,pass,0.0,0.0,0.9999762265824009,20.84235759637564,0.8223893714983004,1.5472076869499352,0.7087205879586426,<20,1.498686258370713,15.025,3.8148596212634165,80.5
fe313a2d-fb9e-4c0a-8efe-31f84f25f747,1.0,pass,0.0,0.0,1.0027020992693545,282.69577004681383,3.4513922343570793,1.1520140454324515,12.082714213643367,<20,15.733181969576101,15.925,3.2971840543907436,79.3
fea0f66a-57fd-425d-9fbb-d5498ddf3d08,0.920494,pass,0.0,0.0,0.7363953613577038,345.33500679086166,1.8953006996528292,73.31979365475155,26.58401224547048,20-45,16.32845705064306,0.0,163.91852565781792,81.7
ff255f49-5b9c-47d8-a55f-d9eed1f55d3f,1.0,pass,0.0,0.0,0.8700867239227705,459.4652674878011,2.1256089146244768,4.570383794699777,20.29512413652688,20-45,24.040102200701043,0.6,6.798559282651097,83.7
ff369d2c-939d-45f2-9644-8be3af66b08b,0.0,offroad,0.0,1.0,0.4226010437849763,98.3674552216558,2.548837649897893,1.2531937862737512,29.008083362436597,20-45,5.524391182979487,1.425,3.22077208043639,84.2
ff687ef9-a22c-44e8-a656-42ddc5f00f93,0.213522,pass,0.0,0.0,0.17081799464490952,25.013735987669655,0.012729542757011615,0.0,5.745001716584757,<20,0.004818747411669861,19.375,2.846821625230919,74.0
ff7cefb0-17ee-4cb1-b4a0-49672c8b8504,0.0,offroad,0.0,1.0,0.637254580951708,375.8645571649972,3.540961522452607,36.19546792569972,23.771112051934708,20-45,19.23556421185626,0.0,42.27618129577139,23.3
ffb26632-8c84-433e-bde2-9caf285d8090,1.0,pass,0.0,0.0,1.0028995358039345,54.497767480223835,0.34575288612809735,0.6927380551126053,0.4427276460491762,<20,2.7372141583510663,13.45,3.289329558471562,98.4
ffbc3d2b-00fc-4a53-8e6f-ea0cea4adbe6,1.0,pass,0.0,0.0,0.940693640826051,18.850722756420247,0.00946300215846557,1.117834790482337,0.17463711745822602,<20,0.007898904121529998,13.675,3.1296207115490557,72.1
ffe5b17d-92bd-4f55-bf77-ad4b0b6e31a3,1.0,pass,0.0,0.0,1.0022851406358129,541.1400391878186,2.182728169944063,23.170434457438,3.111586409109566,<20,27.860737302142567,0.1,24.576676142047454,27.6
fff9984b-ef2c-4348-997b-54029aadbd0b,0.980741,pass,0.0,0.0,0.7845930307463546,88.2991096482686,0.6212676932479053,0.0,36.807304018828084,20-45,3.937687932649999,10.0,3.042621081591304,82.1
0580c069-aeb6-44e0-8bbc-940757e4071a,0.0,scene_error,,,,,,,10.304678155961843,<20,15.524050923237558,5.15,5.992497958408729,75.7
0dc4e9cc-833e-4ddd-bfbb-4899f6a46b78,0.0,scene_error,,,,,,,14.750564748138801,<20,4.3003914998665085,6.475,3.0072841348202677,78.8
1362a301-09fc-4a68-9135-4eaef109f0d0,0.0,scene_error,,,,,,,74.8725162806803,60-90,4.684633058105902,4.425,3.55300496421427,71.5
1661c375-c900-4797-8c31-01f86a17d425,0.0,scene_error,,,,,,,36.433531947777425,20-45,0.5550797324148232,14.775,6.505882358971364,35.8
1e720496-74cc-4279-b74c-710829cbf05e,0.0,scene_error,,,,,,,52.772600224885785,45-60,6.282670158958058,2.275,7.024780894754426,53.3
31e55046-8717-4b57-bd9b-5dd01edf8f97,0.0,scene_error,,,,,,,38.00206378614011,20-45,6.982944634282565,4.025,6.814077600532828,64.7
3582a449-6e1a-4dca-8c53-efc49a623b88,0.0,scene_error,,,,,,,1.846058444431197,<20,29.364263937690048,0.925,4.4103124751842655,88.0
387a9a98-3101-49ec-8f91-46156d8b6da3,0.0,scene_error,,,,,,,10.462125352222724,<20,10.534260510783364,4.1,3.270069379273945,70.6
3d05f084-4ea5-4b76-a45c-fe86335d398d,0.0,scene_error,,,,,,,0.5072687105625994,<20,0.852047224676796,4.8,5.518935370494101,73.2
44fa9e1b-ecfa-4e79-a5bd-4a6d102a14f7,0.0,scene_error,,,,,,,5.715637399371629,<20,7.286989889512551,6.15,3.839271992687047,31.2
45829345-103e-4293-990d-7285d7e79499,0.0,scene_error,,,,,,,4.499054231240756,<20,11.202581868306407,4.625,3.265199311579887,72.3
470c4ecc-8d6b-46dc-ba60-fd16888c5797,0.0,scene_error,,,,,,,96.58705795334953,90+,6.7849358057385745,1.425,5.016316487735279,82.8
477ab28c-3309-473a-8ecd-12a832feeb6a,0.0,scene_error,,,,,,,59.312345210160636,45-60,2.552004006016227,0.0,43.240675890407935,33.2
56263647-352f-45b7-95c5-1d077a512b66,0.0,scene_error,,,,,,,1.2618688932828876,<20,8.356189027392155,13.7,2.9421819493442243,94.3
5c238c8f-82a4-4275-8b60-f1896e6492fc,0.0,scene_error,,,,,,,82.26477773555455,60-90,4.390750284967296,2.275,7.743819908904654,71.4
6140cba2-0f88-4cf8-b58e-7d481f33ad27,0.0,scene_error,,,,,,,1.272194358035408,<20,19.245041957943666,1.0,9.010916677762069,80.6
70fdeed8-93d6-41e5-93aa-36746d3e454d,0.0,scene_error,,,,,,,30.418954127840777,20-45,5.564160853731677,8.675,3.208324520339192,94.2
72cd81f9-2d95-42b9-8a4a-6ba7d7800b5e,0.0,scene_error,,,,,,,72.16964035582822,60-90,1.7781179266891962,3.9,3.4774437341217648,90.7
7fb3b33e-85d4-4d3e-b999-5eee301c2308,0.0,scene_error,,,,,,,51.83061269272904,45-60,4.1993307329328875,2.5,2.853994758741474,76.8
81ce115e-0c2a-4c27-9e1a-6d6716cf0ee1,0.0,scene_error,,,,,,,25.57872774676286,20-45,2.2905739874900477,11.9,2.786684073522286,70.2
837514d4-8fe4-4e43-8b9a-a079d7e3f1b5,0.0,scene_error,,,,,,,17.80348483567628,<20,11.330985329386909,0.775,7.4562126569140315,64.3
8f4d3ad8-de1c-4555-a3d6-5dff681f8808,0.0,scene_error,,,,,,,70.12340539482655,60-90,8.897368443724526,1.85,16.459892712425674,55.2
941b5779-2925-4268-aa66-dc1d88d61e35,0.0,scene_error,,,,,,,175.96537085565666,90+,3.6822826236392747,0.175,23.13143758143989,101.3
964ebe15-b21a-40a6-a448-ade66dca733d,0.0,scene_error,,,,,,,66.85369680116655,60-90,1.7141644286791353,0.0,30.734650241221377,59.3
9e6753c2-77cc-432f-a79c-384a45be0131,0.0,scene_error,,,,,,,1.3397283963877062,<20,14.329009110928318,1.625,3.824978361830694,77.0
a07e81de-291b-4c47-bab8-7216e1e2d348,0.0,scene_error,,,,,,,3.2060322176700913,<20,9.393054896179368,13.025,4.469976968826452,89.5
ac73935a-548f-402f-8a6b-16688261b219,0.0,scene_error,,,,,,,40.328549130995235,20-45,4.805243965957363,2.5,5.28043598194692,88.2
b22909b9-99cf-415e-97d5-20074bde8e3f,0.0,scene_error,,,,,,,10.77850626564558,<20,0.6279107017618721,8.425,3.6161894915229182,77.0
b8336d4b-24b0-4d90-b811-4369eb3f64fa,0.0,scene_error,,,,,,,39.94362975160326,20-45,0.6442933842505238,7.725,5.801049998273032,71.4
b8850f3f-086c-4310-9eff-cc13ce6d940b,0.0,scene_error,,,,,,,69.22876300367673,60-90,4.948166021654272,5.6,6.708208504844774,35.8
bc9ffa8d-7428-49b9-9c1e-54d9e27f134b,0.0,scene_error,,,,,,,67.52304713400802,60-90,1.8154768678602444,4.85,5.500715373806441,81.6
c404b833-65c7-4519-aad8-449b5af8b3f2,0.0,scene_error,,,,,,,70.60824157056724,60-90,8.3758836715088,8.375,3.6579691220163406,89.8
cc466599-a3da-438c-b3ef-fdc6bd282e31,0.0,scene_error,,,,,,,60.08504198144534,60-90,3.1250199317455802,3.45,13.358469264286047,74.0
d06dd0f0-ce59-4de2-a3c7-404e486b3354,0.0,scene_error,,,,,,,67.52340957071057,60-90,0.6229233377804466,27.85,2.8775361585179375,97.8
d3403a81-2bf1-4e2f-a7b3-769405988f75,0.0,scene_error,,,,,,,28.710411925148904,20-45,2.3999611912302563,5.25,3.1743831116811374,75.1
d52a8f79-c6cc-4a47-b595-f0f431d28de8,0.0,scene_error,,,,,,,6.979319208601382,<20,17.640383954160367,0.925,6.697520455600347,22.4
d55a19e6-f7e2-441f-a1e3-451d1230fc5b,0.0,scene_error,,,,,,,0.9629718924856172,<20,0.0019620112274606706,18.725,3.0451636491337823,88.2
d58261d5-4d15-49c2-8365-3e9bd8c8f651,0.0,scene_error,,,,,,,81.57258144838568,60-90,6.831967438947471,3.375,2.9580089587042058,53.6
e0cb13c5-09b8-41bf-b61c-110ee1f9d70f,0.0,scene_error,,,,,,,5.91212813069887,<20,4.922929157608745,12.725,4.462243999505368,84.8
e0fcd3bb-0d6f-496c-8b79-7d59d17a31c2,0.0,scene_error,,,,,,,,unknown,,,,80.1
e69eafaf-c315-4376-bab9-9be80ced6fe1,0.0,scene_error,,,,,,,56.33876217646141,45-60,1.9033046092642485,10.6,3.9199330899910065,35.2
fab24f4f-5d90-4460-bd85-7850faf12739,0.0,scene_error,,,,,,,28.35908319733078,20-45,1.9000295400571228,6.325,3.603414754377916,75.5
fcf14bc7-4ac3-4675-ad89-4057dbb2592d,0.0,scene_error,,,,,,,34.573388253795834,20-45,9.055776703125396,4.775,6.900005933392811,84.7
febd36c4-abb1-498c-9e79-7f4d90d0285f,0.0,scene_error,,,,,,,29.011316132925057,20-45,3.5390575218016482,11.65,1.3155687384426864,96.1
fefa01c9-7131-491e-829f-cc7dc9788496,0.0,scene_error,,,,,,,32.96223855274221,20-45,12.178046933136397,0.425,5.890737689399218,86.5
